codepoint,edition,sequence,commons_title,page,side,rotation,crop_x0,crop_x1,x,y,w,h,render_width,frame_top,pitch,kind,score,juan,radical,similarity,status
3D012,ccz,C-00017,File:NLC892-312002098744-312888 說文解字 十五卷 第1冊.pdf,16,left,-0.102,0,961,697,526,56,93,1920,515,83.72,inline,0.992,卷一上,3,0.941,approved
3D013,ccz,C-00018,File:NLC892-312002098744-312888 說文解字 十五卷 第1冊.pdf,16,left,-0.102,0,961,519,791,70,102,1920,515,83.72,inline,0.972,卷一上,3,0.932,approved
3D014,ccz,C-00019,File:NLC892-312002098744-312888 說文解字 十五卷 第1冊.pdf,16,left,-0.102,0,961,435,518,65,96,1920,515,83.72,headword,1.0,卷一上,3,0.964,approved
3D015,ccz,C-00020,File:NLC892-312002098744-312888 說文解字 十五卷 第1冊.pdf,16,left,-0.102,0,961,351,513,67,113,1920,515,83.72,inline,0.994,卷一上,3,0.888,approved
3D016,ccz,C-00021,File:NLC892-312002098744-312888 說文解字 十五卷 第1冊.pdf,16,left,-0.102,0,961,356,1607,62,100,1920,515,83.72,inline,0.985,卷一上,3,0.964,approved
3D017,ccz,C-00022,File:NLC892-312002098744-312888 說文解字 十五卷 第1冊.pdf,16,left,-0.102,0,961,181,520,70,99,1920,515,83.72,headword,1.0,卷一上,3,0.953,approved
3D018,ccz,C-00023,File:NLC892-312002098744-312888 說文解字 十五卷 第1冊.pdf,16,left,-0.102,0,961,97,520,65,102,1920,515,83.72,headword,0.999,卷一上,3,0.755,approved
3D019,ccz,C-00024,File:NLC892-312002098744-312888 說文解字 十五卷 第1冊.pdf,17,right,0.299,967,1920,793,513,65,102,1920,509,83.68,headword,0.998,卷一上,3,0.911,approved
3D01A,ccz,C-00025,File:NLC892-312002098744-312888 說文解字 十五卷 第1冊.pdf,17,right,0.299,967,1920,706,505,71,115,1920,509,83.68,inline,0.995,卷一上,3,0.915,approved
3D01B,ccz,C-00026,File:NLC892-312002098744-312888 說文解字 十五卷 第1冊.pdf,17,right,0.299,967,1920,623,510,61,100,1920,509,83.68,inline,0.994,卷一上,3,0.961,approved
3D01C,ccz,C-00027,File:NLC892-312002098744-312888 說文解字 十五卷 第1冊.pdf,17,right,0.299,967,1920,537,510,68,109,1920,509,83.68,inline,0.887,卷一上,3,0.965,approved
3D01D,ccz,C-00028,File:NLC892-312002098744-312888 說文解字 十五卷 第1冊.pdf,17,right,0.299,967,1920,454,513,65,96,1920,509,83.68,headword,1.0,卷一上,3,0.95,approved
3D01E,ccz,C-00029,File:NLC892-312002098744-312888 說文解字 十五卷 第1冊.pdf,17,right,0.299,967,1920,370,505,66,115,1920,509,83.68,inline,0.991,卷一上,3,0.886,approved
3D01F,ccz,C-00030,File:NLC892-312002098744-312888 說文解字 十五卷 第1冊.pdf,17,right,0.299,967,1920,286,521,67,92,1920,509,83.68,headword,0.999,卷一上,3,0.93,approved
3D020,ccz,C-00031,File:NLC892-312002098744-312888 說文解字 十五卷 第1冊.pdf,17,right,0.299,967,1920,199,509,67,115,1920,509,83.68,inline,0.996,卷一上,3,0.946,approved
3D021,ccz,C-00032,File:NLC892-312002098744-312888 說文解字 十五卷 第1冊.pdf,17,right,0.299,967,1920,205,1054,68,105,1920,509,83.68,inline,1.0,卷一上,3,0.9,approved
3D022,ccz,C-00033,File:NLC892-312002098744-312888 說文解字 十五卷 第1冊.pdf,17,right,0.299,967,1920,116,521,64,92,1920,509,83.68,headword,1.0,卷一上,3,0.878,approved
3D023,ccz,C-00034,File:NLC892-312002098744-312888 說文解字 十五卷 第1冊.pdf,17,right,0.299,967,1920,34,523,66,85,1920,509,83.68,inline,0.996,卷一上,3,0.858,approved
3D024,ccz,C-00035,File:NLC892-312002098744-312888 說文解字 十五卷 第1冊.pdf,17,left,-0.315,0,967,864,506,71,103,1920,500,83.81,headword,1.0,卷一上,3,0.773,approved
3D026,ccz,C-00036,File:NLC892-312002098744-312888 說文解字 十五卷 第1冊.pdf,17,left,-0.315,0,967,789,517,64,91,1920,500,83.81,headword,1.0,卷一上,3,0.961,approved
3D027,ccz,C-00037,File:NLC892-312002098744-312888 說文解字 十五卷 第1冊.pdf,17,left,-0.315,0,967,695,509,74,100,1920,500,83.81,headword,0.997,卷一上,3,0.699,approved
3D028,ccz,C-00038,File:NLC892-312002098744-312888 說文解字 十五卷 第1冊.pdf,17,left,-0.315,0,967,622,505,62,106,1920,500,83.81,headword,0.998,卷一上,3,0.98,approved
3D029,ccz,C-00039,File:NLC892-312002098744-312888 說文解字 十五卷 第1冊.pdf,17,left,-0.315,0,967,612,1164,68,109,1920,500,83.81,inline,1.0,卷一上,3,0.968,approved
3D02A,ccz,C-00040,File:NLC892-312002098744-312888 說文解字 十五卷 第1冊.pdf,17,left,-0.315,0,967,535,518,66,92,1920,500,83.81,headword,1.0,卷一上,3,0.804,approved
3D02B,ccz,C-00041,File:NLC892-312002098744-312888 說文解字 十五卷 第1冊.pdf,17,left,-0.315,0,967,530,1541,67,113,1920,500,83.81,inline,0.997,卷一上,3,0.9,approved
3D02D,ccz,C-00042,File:NLC892-312002098744-312888 說文解字 十五卷 第1冊.pdf,17,left,-0.315,0,967,368,510,63,98,1920,500,83.81,headword,1.0,卷一上,3,0.971,approved
3D02E,ccz,C-00043,File:NLC892-312002098744-312888 說文解字 十五卷 第1冊.pdf,17,left,-0.315,0,967,282,517,66,89,1920,500,83.81,headword,0.992,卷一上,3,0.936,approved
3D02F,ccz,C-00044,File:NLC892-312002098744-312888 說文解字 十五卷 第1冊.pdf,17,left,-0.315,0,967,277,1166,71,98,1920,500,83.81,inline,0.923,卷一上,3,0.908,approved
3D030,ccz,C-00045,File:NLC892-312002098744-312888 說文解字 十五卷 第1冊.pdf,17,left,-0.315,0,967,191,503,69,106,1920,500,83.81,headword,0.997,卷一上,3,0.764,approved
3D031,ccz,C-00046,File:NLC892-312002098744-312888 說文解字 十五卷 第1冊.pdf,17,left,-0.315,0,967,119,728,61,103,1920,500,83.81,inline,0.986,卷一上,3,0.909,approved
3D032,ccz,C-00047,File:NLC892-312002098744-312888 說文解字 十五卷 第1冊.pdf,18,right,0.463,966,1920,795,494,71,119,1920,495,84.16,headword,1.0,卷一上,3,0.873,approved
3D033,ccz,C-00048,File:NLC892-312002098744-312888 說文解字 十五卷 第1冊.pdf,18,right,0.463,966,1920,711,500,64,104,1920,495,84.16,headword,0.999,卷一上,3,0.955,approved
3D034,ccz,C-00049,File:NLC892-312002098744-312888 說文解字 十五卷 第1冊.pdf,18,right,0.463,966,1920,627,502,67,99,1920,495,84.16,headword,1.0,卷一上,3,0.923,approved
3D035,ccz,C-00050,File:NLC892-312002098744-312888 說文解字 十五卷 第1冊.pdf,18,right,0.463,966,1920,544,509,68,91,1920,495,84.16,headword,1.0,卷一上,3,0.938,approved
3D036,ccz,C-00051,File:NLC892-312002098744-312888 說文解字 十五卷 第1冊.pdf,18,right,0.463,966,1920,460,496,73,108,1920,495,84.16,headword,0.999,卷一上,3,0.908,approved
3D037,ccz,C-00052,File:NLC892-312002098744-312888 說文解字 十五卷 第1冊.pdf,18,right,0.463,966,1920,375,670,72,100,1920,495,84.16,inline,0.992,卷一上,3,0.908,approved
3D038,ccz,C-00053,File:NLC892-312002098744-312888 說文解字 十五卷 第1冊.pdf,18,right,0.463,966,1920,292,500,72,98,1920,495,84.16,headword,1.0,卷一上,3,0.83,approved
3D039,ccz,C-00054,File:NLC892-312002098744-312888 說文解字 十五卷 第1冊.pdf,18,right,0.463,966,1920,205,508,67,98,1920,495,84.16,headword,0.999,卷一上,3,0.936,approved
3D03A,ccz,C-00055,File:NLC892-312002098744-312888 說文解字 十五卷 第1冊.pdf,18,right,0.463,966,1920,36,499,75,103,1920,495,84.16,headword,1.0,卷一上,3,0.848,approved
3D03B,ccz,C-00056,File:NLC892-312002098744-312888 說文解字 十五卷 第1冊.pdf,18,left,-0.476,0,966,870,511,69,95,1920,495,84.92,headword,0.999,卷一上,3,0.976,approved
3D03C,ccz,C-00057,File:NLC892-312002098744-312888 說文解字 十五卷 第1冊.pdf,18,left,-0.476,0,966,703,519,64,77,1920,495,84.92,headword,0.998,卷一上,3,0.791,approved
3D03D,ccz,C-00058,File:NLC892-312002098744-312888 說文解字 十五卷 第1冊.pdf,18,left,-0.476,0,966,615,508,68,97,1920,495,84.92,headword,1.0,卷一上,3,0.823,approved
3D03E,ccz,C-00059,File:NLC892-312002098744-312888 說文解字 十五卷 第1冊.pdf,18,left,-0.476,0,966,527,505,69,99,1920,495,84.92,headword,1.0,卷一上,3,0.954,approved
3D03F,ccz,C-00060,File:NLC892-312002098744-312888 說文解字 十五卷 第1冊.pdf,18,left,-0.476,0,966,357,506,73,104,1920,495,84.92,inline,0.942,卷一上,3,0.846,approved
3D040,ccz,C-00061,File:NLC892-312002098744-312888 說文解字 十五卷 第1冊.pdf,18,left,-0.476,0,966,272,499,74,107,1920,495,84.92,headword,0.998,卷一上,3,0.917,approved
3D041,ccz,C-00062,File:NLC892-312002098744-312888 說文解字 十五卷 第1冊.pdf,18,left,-0.476,0,966,113,504,64,98,1920,495,84.92,headword,0.996,卷一上,3,0.934,approved
3D042,ccz,C-00063,File:NLC892-312002098744-312888 說文解字 十五卷 第1冊.pdf,19,right,0.32,964,1920,707,514,71,84,1920,490,83.52,headword,0.986,卷一上,3,0.882,approved
3D043,ccz,C-00064,File:NLC892-312002098744-312888 說文解字 十五卷 第1冊.pdf,19,right,0.32,964,1920,625,496,68,100,1920,490,83.52,headword,1.0,卷一上,3,0.963,approved
3D044,ccz,C-00065,File:NLC892-312002098744-312888 說文解字 十五卷 第1冊.pdf,19,right,0.32,964,1920,541,504,64,94,1920,490,83.52,headword,1.0,卷一上,3,0.908,approved
3D045,ccz,C-00066,File:NLC892-312002098744-312888 說文解字 十五卷 第1冊.pdf,19,right,0.32,964,1920,456,493,67,107,1920,490,83.52,headword,1.0,卷一上,3,0.927,approved
3D046,ccz,C-00067,File:NLC892-312002098744-312888 說文解字 十五卷 第1冊.pdf,19,right,0.32,964,1920,462,1219,66,105,1920,490,83.52,inline,1.0,卷一上,3,0.897,approved
3D047,ccz,C-00068,File:NLC892-312002098744-312888 說文解字 十五卷 第1冊.pdf,19,right,0.32,964,1920,465,1488,60,103,1920,490,83.52,inline,0.999,卷一上,3,0.932,approved
3D048,ccz,C-00069,File:NLC892-312002098744-312888 說文解字 十五卷 第1冊.pdf,19,right,0.32,964,1920,296,496,56,106,1920,490,83.52,headword,0.999,卷一上,3,0.953,approved
3D049,ccz,C-00070,File:NLC892-312002098744-312888 說文解字 十五卷 第1冊.pdf,19,right,0.32,964,1920,37,497,63,105,1920,490,83.52,headword,0.998,卷一上,3,0.791,approved
3D04A,ccz,C-00071,File:NLC892-312002098744-312888 說文解字 十五卷 第1冊.pdf,19,left,-0.272,0,964,782,515,68,92,1920,507,83.46,inline,0.991,卷一上,3,0.953,approved
3D04B,ccz,C-00072,File:NLC892-312002098744-312888 說文解字 十五卷 第1冊.pdf,19,left,-0.272,0,964,699,515,66,101,1920,507,83.46,headword,0.999,卷一上,3,0.945,approved
3D04C,ccz,C-00073,File:NLC892-312002098744-312888 說文解字 十五卷 第1冊.pdf,19,left,-0.272,0,964,615,512,65,104,1920,507,83.46,headword,1.0,卷一上,3,0.948,approved
3D04D,ccz,C-00074,File:NLC892-312002098744-312888 說文解字 十五卷 第1冊.pdf,19,left,-0.272,0,964,529,518,64,95,1920,507,83.46,headword,0.998,卷一上,3,0.895,approved
3D04E,ccz,C-00075,File:NLC892-312002098744-312888 說文解字 十五卷 第1冊.pdf,19,left,-0.272,0,964,444,522,69,93,1920,507,83.46,headword,1.0,卷一上,3,0.841,approved
3D04F,ccz,C-00076,File:NLC892-312002098744-312888 說文解字 十五卷 第1冊.pdf,19,left,-0.272,0,964,359,517,69,99,1920,507,83.46,headword,1.0,卷一上,3,0.921,approved
3D050,ccz,C-00077,File:NLC892-312002098744-312888 說文解字 十五卷 第1冊.pdf,19,left,-0.272,0,964,279,520,68,96,1920,507,83.46,headword,0.999,卷一上,3,0.913,approved
3D051,ccz,C-00078,File:NLC892-312002098744-312888 說文解字 十五卷 第1冊.pdf,19,left,-0.272,0,964,111,514,67,101,1920,507,83.46,headword,1.0,卷一上,3,0.919,approved
3D052,ccz,C-00079,File:NLC892-312002098744-312888 說文解字 十五卷 第1冊.pdf,20,right,0.734,964,1920,788,520,75,91,1920,502,84.62,headword,0.993,卷一上,3,0.694,approved
3D053,ccz,C-00080,File:NLC892-312002098744-312888 說文解字 十五卷 第1冊.pdf,20,right,0.734,964,1920,618,511,66,101,1920,502,84.62,headword,1.0,卷一上,3,0.891,approved
3D056,ccz,C-00082,File:NLC892-312002098744-312888 說文解字 十五卷 第1冊.pdf,20,right,0.734,964,1920,452,514,66,97,1920,502,84.62,headword,1.0,卷一上,3,0.968,approved
3D058,ccz,C-00084,File:NLC892-312002098744-312888 說文解字 十五卷 第1冊.pdf,20,right,0.734,964,1920,199,526,68,85,1920,502,84.62,headword,0.989,卷一上,3,0.817,approved
3D059,ccz,C-00085,File:NLC892-312002098744-312888 說文解字 十五卷 第1冊.pdf,20,right,0.734,964,1920,114,517,70,94,1920,502,84.62,headword,1.0,卷一上,3,0.882,approved
3D05A,ccz,C-00086,File:NLC892-312002098744-312888 說文解字 十五卷 第1冊.pdf,20,right,0.734,964,1920,23,520,76,101,1920,502,84.62,headword,0.998,卷一上,3,0.67,approved
3D05B,ccz,C-00087,File:NLC892-312002098744-312888 說文解字 十五卷 第1冊.pdf,20,left,-0.913,0,964,856,511,68,104,1920,506,83.56,headword,0.994,卷一上,3,0.848,approved
3D05C,ccz,C-00088,File:NLC892-312002098744-312888 說文解字 十五卷 第1冊.pdf,20,left,-0.913,0,964,859,1107,65,100,1920,506,83.56,inline,0.999,卷一上,3,0.913,approved
3D05D,ccz,C-00089,File:NLC892-312002098744-312888 說文解字 十五卷 第1冊.pdf,20,left,-0.913,0,964,773,510,71,103,1920,506,83.56,headword,0.998,卷一上,3,0.823,approved
3D05E,ccz,C-00090,File:NLC892-312002098744-312888 說文解字 十五卷 第1冊.pdf,20,left,-0.913,0,964,687,530,74,71,1920,506,83.56,headword,0.991,卷一上,3,0.692,approved
3D05F,ccz,C-00091,File:NLC892-312002098744-312888 說文解字 十五卷 第1冊.pdf,20,left,-0.913,0,964,530,513,57,100,1920,506,83.56,headword,0.998,卷一上,3,0.943,approved
3D060,ccz,C-00092,File:NLC892-312002098744-312888 說文解字 十五卷 第1冊.pdf,20,left,-0.913,0,964,434,509,73,105,1920,506,83.56,headword,0.999,卷一上,3,0.741,approved
3D061,ccz,C-00093,File:NLC892-312002098744-312888 說文解字 十五卷 第1冊.pdf,20,left,-0.913,0,964,267,627,72,95,1920,506,83.56,inline,0.962,卷一上,3,0.846,approved
3D065,ccz,C-00096,File:NLC892-312002098744-312888 說文解字 十五卷 第1冊.pdf,21,right,0.442,959,1920,782,623,66,103,1920,510,84.02,inline,1.0,卷一上,3,0.965,approved
3D000,ccz,C-00001,File:NLC892-312002098744-312888 說文解字 十五卷 第1冊.pdf,15,left,0.088,0,964,361,552,61,11,1920,508,84.96,headword,0.5,卷一上,1,0.995,approved
3D002,ccz,C-00003,File:NLC892-312002098744-312888 說文解字 十五卷 第1冊.pdf,15,left,0.088,0,964,192,519,53,95,1920,508,84.96,headword,0.996,卷一上,1,0.968,approved
3D003,ccz,C-00004,File:NLC892-312002098744-312888 說文解字 十五卷 第1冊.pdf,15,left,0.088,0,964,106,523,51,89,1920,508,84.96,headword,0.966,卷一上,1,0.985,approved
3D004,ccz,C-00005,File:NLC892-312002098744-312888 說文解字 十五卷 第1冊.pdf,16,right,-0.189,961,1920,797,516,53,94,1920,504,83.86,headword,1.0,卷一上,1,0.954,approved
3D005,ccz,C-00006,File:NLC892-312002098744-312888 說文解字 十五卷 第1冊.pdf,16,right,-0.189,961,1920,714,512,55,99,1920,504,83.86,inline,0.996,卷一上,1,0.966,approved
3D006,ccz,C-00007,File:NLC892-312002098744-312888 說文解字 十五卷 第1冊.pdf,16,right,-0.189,961,1920,538,513,58,89,1920,504,83.86,headword,0.996,卷一上,2,0.977,approved
3D008,ccz,C-00008,File:NLC892-312002098744-312888 說文解字 十五卷 第1冊.pdf,16,right,-0.189,961,1920,534,1595,60,93,1920,504,83.86,recovered,0.0,卷一上,2,0.986,approved
3D009,ccz,C-00009,File:NLC892-312002098744-312888 說文解字 十五卷 第1冊.pdf,16,right,-0.189,961,1920,373,512,56,94,1920,504,83.86,inline,0.985,卷一上,2,0.939,approved
3D00A,ccz,C-00010,File:NLC892-312002098744-312888 說文解字 十五卷 第1冊.pdf,16,right,-0.189,961,1920,367,1385,59,94,1920,504,83.86,inline,0.986,卷一上,2,0.966,approved
3D00C,ccz,C-00012,File:NLC892-312002098744-312888 說文解字 十五卷 第1冊.pdf,16,right,-0.189,961,1920,114,1109,67,104,1920,504,83.86,inline,0.874,卷一上,2,0.918,approved
3D00D,ccz,C-00013,File:NLC892-312002098744-312888 說文解字 十五卷 第1冊.pdf,16,right,-0.189,961,1920,113,1387,69,92,1920,504,83.86,inline,0.91,卷一上,2,0.841,approved
3D00E,ccz,C-00014,File:NLC892-312002098744-312888 說文解字 十五卷 第1冊.pdf,16,right,-0.189,961,1920,28,619,70,99,1920,504,83.86,inline,0.996,卷一上,2,0.892,approved
3D011,ccz,C-00016,File:NLC892-312002098744-312888 說文解字 十五卷 第1冊.pdf,16,left,-0.102,0,961,866,960,52,92,1920,515,83.72,inline,0.998,卷一上,2,0.985,approved
3D066,ccz,C-00097,File:NLC892-312002098744-312888 說文解字 十五卷 第1冊.pdf,21,right,0.442,959,1920,624,533,53,65,1920,510,84.02,headword,0.698,卷一上,4,0.972,approved
3D067,ccz,C-00098,File:NLC892-312002098744-312888 說文解字 十五卷 第1冊.pdf,21,right,0.442,959,1920,628,1599,53,101,1920,510,84.02,inline,0.991,卷一上,4,0.986,approved
3D068,ccz,C-00099,File:NLC892-312002098744-312888 說文解字 十五卷 第1冊.pdf,21,right,0.442,959,1920,371,530,57,72,1920,510,84.02,headword,0.989,卷一上,5,0.968,approved
3D069,ccz,C-00100,File:NLC892-312002098744-312888 說文解字 十五卷 第1冊.pdf,21,right,0.442,959,1920,117,693,53,82,1920,510,84.02,manual,1.0,卷一上,5,0.978,approved
3D06A,ccz,C-00101,File:NLC892-312002098744-312888 說文解字 十五卷 第1冊.pdf,21,right,0.442,959,1920,32,513,69,103,1920,510,84.02,headword,0.995,卷一上,5,0.93,approved
3D06B,ccz,C-00102,File:NLC892-312002098744-312888 說文解字 十五卷 第1冊.pdf,21,left,-0.359,0,959,696,505,59,98,1920,503,83.96,headword,0.999,卷一上,5,0.962,approved
3D001,ccz,C-00002,File:NLC892-312002098744-312888 說文解字 十五卷 第1冊.pdf,15,left,0.088,0,964,270,892,68,101,1920,508,84.96,recovered,0.0,卷一上,1,0.991,approved
3D00B,ccz,C-00011,File:NLC892-312002098744-312888 說文解字 十五卷 第1冊.pdf,16,right,-0.189,961,1920,119,515,57,99,1920,504,83.86,recovered,0.0,卷一上,2,0.949,approved
3D00F,ccz,C-00015,File:NLC892-312002098744-312888 說文解字 十五卷 第1冊.pdf,16,left,-0.102,0,961,862,528,59,89,1920,515,83.72,recovered,0.0,卷一上,2,0.986,approved
3D06D,ccz,C-00103,File:NLC892-312002098744-312888 說文解字 十五卷 第1冊.pdf,21,left,-0.359,0,959,448,520,51,76,1920,503,83.96,headword,0.995,卷一上,6,0.969,approved
3D06E,ccz,C-00104,File:NLC892-312002098744-312888 說文解字 十五卷 第1冊.pdf,21,left,-0.359,0,959,187,1602,63,95,1920,503,83.96,inline,0.986,卷一上,6,0.959,approved
3D06F,ccz,C-00105,File:NLC892-312002098744-312888 說文解字 十五卷 第1冊.pdf,22,right,0.659,965,1920,789,505,65,107,1920,502,83.74,headword,1.0,卷一上,6,0.955,approved
3D070,ccz,C-00106,File:NLC892-312002098744-312888 說文解字 十五卷 第1冊.pdf,22,right,0.659,965,1920,705,505,64,98,1920,502,83.74,headword,1.0,卷一上,6,0.972,approved
3D071,ccz,C-00107,File:NLC892-312002098744-312888 說文解字 十五卷 第1冊.pdf,22,right,0.659,965,1920,621,511,70,110,1920,502,83.74,inline,0.916,卷一上,6,0.923,approved
3D072,ccz,C-00108,File:NLC892-312002098744-312888 說文解字 十五卷 第1冊.pdf,22,right,0.659,965,1920,534,507,68,101,1920,502,83.74,headword,1.0,卷一上,6,0.977,approved
3D073,ccz,C-00109,File:NLC892-312002098744-312888 說文解字 十五卷 第1冊.pdf,22,right,0.659,965,1920,455,509,68,101,1920,502,83.74,headword,0.997,卷一上,6,0.946,approved
3D074,ccz,C-00110,File:NLC892-312002098744-312888 說文解字 十五卷 第1冊.pdf,22,right,0.659,965,1920,373,510,65,100,1920,502,83.74,headword,0.997,卷一上,6,0.917,approved
3D075,ccz,C-00111,File:NLC892-312002098744-312888 說文解字 十五卷 第1冊.pdf,22,right,0.659,965,1920,286,515,66,92,1920,502,83.74,headword,0.999,卷一上,6,0.957,approved
3D076,ccz,C-00112,File:NLC892-312002098744-312888 說文解字 十五卷 第1冊.pdf,22,right,0.659,965,1920,35,506,60,108,1920,502,83.74,headword,1.0,卷一上,6,0.945,approved
3D077,ccz,C-00113,File:NLC892-312002098744-312888 說文解字 十五卷 第1冊.pdf,22,left,-0.522,0,965,868,519,71,91,1920,505,84.14,headword,0.344,卷一上,6,0.637,approved
3D078,ccz,C-00114,File:NLC892-312002098744-312888 說文解字 十五卷 第1冊.pdf,22,left,-0.522,0,965,791,514,65,101,1920,505,84.14,headword,0.999,卷一上,6,0.946,approved
3D079,ccz,C-00115,File:NLC892-312002098744-312888 說文解字 十五卷 第1冊.pdf,22,left,-0.522,0,965,711,526,61,68,1920,505,84.14,headword,0.969,卷一上,6,0.938,approved
3D07B,ccz,C-00117,File:NLC892-312002098744-312888 說文解字 十五卷 第1冊.pdf,22,left,-0.522,0,965,534,508,67,107,1920,505,84.14,inline,0.976,卷一上,6,0.916,approved
3D07C,ccz,C-00118,File:NLC892-312002098744-312888 說文解字 十五卷 第1冊.pdf,22,left,-0.522,0,965,528,1108,73,103,1920,505,84.14,inline,0.944,卷一上,6,0.893,approved
3D07D,ccz,C-00119,File:NLC892-312002098744-312888 說文解字 十五卷 第1冊.pdf,22,left,-0.522,0,965,536,1433,61,103,1920,505,84.14,inline,0.995,卷一上,6,0.97,approved
3D07F,ccz,C-00121,File:NLC892-312002098744-312888 說文解字 十五卷 第1冊.pdf,22,left,-0.522,0,965,370,512,64,98,1920,505,84.14,headword,0.997,卷一上,6,0.876,approved
3D080,ccz,C-00122,File:NLC892-312002098744-312888 說文解字 十五卷 第1冊.pdf,22,left,-0.522,0,965,285,512,67,100,1920,505,84.14,headword,1.0,卷一上,6,0.966,approved
3D081,ccz,C-00123,File:NLC892-312002098744-312888 說文解字 十五卷 第1冊.pdf,22,left,-0.522,0,965,202,513,64,100,1920,505,84.14,headword,1.0,卷一上,6,0.983,approved
3D082,ccz,C-00124,File:NLC892-312002098744-312888 說文解字 十五卷 第1冊.pdf,23,right,0.564,962,1920,785,506,71,103,1920,503,83.98,headword,0.999,卷一上,6,0.902,approved
3D083,ccz,C-00125,File:NLC892-312002098744-312888 說文解字 十五卷 第1冊.pdf,23,right,0.564,962,1920,701,527,66,86,1920,503,83.98,headword,0.999,卷一上,6,0.815,approved
3D084,ccz,C-00126,File:NLC892-312002098744-312888 說文解字 十五卷 第1冊.pdf,23,right,0.564,962,1920,536,506,65,104,1920,503,83.98,headword,0.999,卷一上,6,0.908,approved
3D085,ccz,C-00127,File:NLC892-312002098744-312888 說文解字 十五卷 第1冊.pdf,23,right,0.564,962,1920,451,506,68,103,1920,503,83.98,headword,1.0,卷一上,6,0.933,approved
3D086,ccz,C-00128,File:NLC892-312002098744-312888 說文解字 十五卷 第1冊.pdf,23,right,0.564,962,1920,365,515,70,95,1920,503,83.98,inline,0.987,卷一上,6,0.942,approved
3D088,ccz,C-00129,File:NLC892-312002098744-312888 說文解字 十五卷 第1冊.pdf,23,right,0.564,962,1920,283,506,63,105,1920,503,83.98,inline,0.997,卷一上,6,0.979,approved
3D089,ccz,C-00130,File:NLC892-312002098744-312888 說文解字 十五卷 第1冊.pdf,23,right,0.564,962,1920,287,1543,67,103,1920,503,83.98,inline,0.978,卷一上,6,0.844,approved
3D08C,ccz,C-00132,File:NLC892-312002098744-312888 說文解字 十五卷 第1冊.pdf,23,right,0.564,962,1920,113,513,68,96,1920,503,83.98,headword,1.0,卷一上,6,0.946,approved
3D08D,ccz,C-00133,File:NLC892-312002098744-312888 說文解字 十五卷 第1冊.pdf,23,right,0.564,962,1920,116,1117,67,102,1920,503,83.98,inline,0.985,卷一上,6,0.967,approved
3D08E,ccz,C-00134,File:NLC892-312002098744-312888 說文解字 十五卷 第1冊.pdf,23,right,0.564,962,1920,28,511,72,100,1920,503,83.98,headword,1.0,卷一上,6,0.942,approved
3D090,ccz,C-00136,File:NLC892-312002098744-312888 說文解字 十五卷 第1冊.pdf,23,left,-0.33,0,962,790,513,62,99,1920,507,84.1,headword,0.998,卷一上,6,0.962,approved
3D091,ccz,C-00137,File:NLC892-312002098744-312888 說文解字 十五卷 第1冊.pdf,23,left,-0.33,0,962,616,513,70,100,1920,507,84.1,headword,0.958,卷一上,6,0.977,approved
3D092,ccz,C-00138,File:NLC892-312002098744-312888 說文解字 十五卷 第1冊.pdf,23,left,-0.33,0,962,532,510,68,102,1920,507,84.1,headword,0.999,卷一上,6,0.986,approved
3D093,ccz,C-00139,File:NLC892-312002098744-312888 說文解字 十五卷 第1冊.pdf,23,left,-0.33,0,962,446,515,71,98,1920,507,84.1,inline,0.995,卷一上,6,0.975,approved
3D094,ccz,C-00140,File:NLC892-312002098744-312888 說文解字 十五卷 第1冊.pdf,23,left,-0.33,0,962,364,512,70,97,1920,507,84.1,headword,1.0,卷一上,6,0.95,approved
3D095,ccz,C-00141,File:NLC892-312002098744-312888 說文解字 十五卷 第1冊.pdf,23,left,-0.33,0,962,195,534,71,80,1920,507,84.1,inline,0.876,卷一上,6,0.801,approved
3D096,ccz,C-00142,File:NLC892-312002098744-312888 說文解字 十五卷 第1冊.pdf,23,left,-0.33,0,962,111,511,72,100,1920,507,84.1,inline,0.92,卷一上,6,0.975,approved
3D097,ccz,C-00143,File:NLC892-312002098744-312888 說文解字 十五卷 第1冊.pdf,24,right,0.298,962,1920,791,527,64,81,1920,504,83.98,inline,0.957,卷一上,6,0.874,approved
3D098,ccz,C-00144,File:NLC892-312002098744-312888 說文解字 十五卷 第1冊.pdf,24,right,0.298,962,1920,622,510,62,102,1920,504,83.98,headword,1.0,卷一上,6,0.871,approved
3D099,ccz,C-00145,File:NLC892-312002098744-312888 說文解字 十五卷 第1冊.pdf,24,right,0.298,962,1920,537,509,71,104,1920,504,83.98,headword,0.998,卷一上,6,0.981,approved
3D09A,ccz,C-00146,File:NLC892-312002098744-312888 說文解字 十五卷 第1冊.pdf,24,right,0.298,962,1920,456,517,63,95,1920,504,83.98,inline,0.989,卷一上,6,0.963,approved
3D09B,ccz,C-00147,File:NLC892-312002098744-312888 說文解字 十五卷 第1冊.pdf,24,right,0.298,962,1920,369,503,70,119,1920,504,83.98,inline,0.961,卷一上,6,0.915,approved
3D09C,ccz,C-00148,File:NLC892-312002098744-312888 說文解字 十五卷 第1冊.pdf,24,right,0.298,962,1920,282,509,70,105,1920,504,83.98,headword,1.0,卷一上,6,0.954,approved
3D09D,ccz,C-00149,File:NLC892-312002098744-312888 說文解字 十五卷 第1冊.pdf,24,right,0.298,962,1920,200,522,67,88,1920,504,83.98,headword,0.988,卷一上,6,0.972,approved
3D09F,ccz,C-00151,File:NLC892-312002098744-312888 說文解字 十五卷 第1冊.pdf,24,right,0.298,962,1920,33,509,66,102,1920,504,83.98,inline,0.964,卷一上,6,0.942,approved
3D0A0,ccz,C-00152,File:NLC892-312002098744-312888 說文解字 十五卷 第1冊.pdf,24,left,-1.231,0,962,856,519,79,104,1920,512,84.2,headword,0.981,卷一上,6,0.77,approved
3D0A2,ccz,C-00154,File:NLC892-312002098744-312888 說文解字 十五卷 第1冊.pdf,24,left,-1.231,0,962,697,523,66,97,1920,512,84.2,inline,0.96,卷一上,6,0.969,approved
3D0A3,ccz,C-00155,File:NLC892-312002098744-312888 說文解字 十五卷 第1冊.pdf,24,left,-1.231,0,962,612,530,64,87,1920,512,84.2,headword,0.586,卷一上,6,0.866,approved
3D0A4,ccz,C-00156,File:NLC892-312002098744-312888 說文解字 十五卷 第1冊.pdf,24,left,-1.231,0,962,531,520,62,102,1920,512,84.2,inline,0.979,卷一上,6,0.964,approved
3D0A5,ccz,C-00157,File:NLC892-312002098744-312888 說文解字 十五卷 第1冊.pdf,24,left,-1.231,0,962,446,838,62,108,1920,512,84.2,inline,0.925,卷一上,6,0.913,approved
3D0A7,ccz,C-00159,File:NLC892-312002098744-312888 說文解字 十五卷 第1冊.pdf,24,left,-1.231,0,962,274,519,66,101,1920,512,84.2,headword,0.998,卷一上,6,0.92,approved
3D0AA,ccz,C-00161,File:NLC892-312002098744-312888 說文解字 十五卷 第1冊.pdf,24,left,-1.231,0,962,101,515,73,102,1920,512,84.2,headword,0.256,卷一上,6,0.633,approved
3D0AB,ccz,C-00162,File:NLC892-312002098744-312888 說文解字 十五卷 第1冊.pdf,25,right,-0.2,959,1920,788,523,62,100,1920,519,83.92,headword,0.998,卷一上,6,0.967,approved
3D0AC,ccz,C-00163,File:NLC892-312002098744-312888 說文解字 十五卷 第1冊.pdf,25,right,-0.2,959,1920,707,540,63,73,1920,519,83.92,headword,0.994,卷一上,6,0.938,approved
3D0AD,ccz,C-00164,File:NLC892-312002098744-312888 說文解字 十五卷 第1冊.pdf,25,right,-0.2,959,1920,616,520,71,106,1920,519,83.92,headword,0.999,卷一上,6,0.95,approved
3D0AE,ccz,C-00165,File:NLC892-312002098744-312888 說文解字 十五卷 第1冊.pdf,25,right,-0.2,959,1920,622,1329,65,100,1920,519,83.92,inline,0.999,卷一上,6,0.966,approved
3D0AF,ccz,C-00166,File:NLC892-312002098744-312888 說文解字 十五卷 第1冊.pdf,25,right,-0.2,959,1920,534,523,68,100,1920,519,83.92,headword,1.0,卷一上,6,0.965,approved
3D0B0,ccz,C-00167,File:NLC892-312002098744-312888 說文解字 十五卷 第1冊.pdf,25,right,-0.2,959,1920,454,517,61,102,1920,519,83.92,headword,0.999,卷一上,6,0.937,approved
3D0B1,ccz,C-00168,File:NLC892-312002098744-312888 說文解字 十五卷 第1冊.pdf,25,right,-0.2,959,1920,370,530,64,94,1920,519,83.92,headword,0.989,卷一上,6,0.939,approved
3D0B2,ccz,C-00169,File:NLC892-312002098744-312888 說文解字 十五卷 第1冊.pdf,25,right,-0.2,959,1920,279,534,74,83,1920,519,83.92,headword,0.232,卷一上,6,0.931,approved
3D0B3,ccz,C-00170,File:NLC892-312002098744-312888 說文解字 十五卷 第1冊.pdf,25,right,-0.2,959,1920,113,528,68,98,1920,519,83.92,headword,1.0,卷一上,6,0.962,approved
3D0B4,ccz,C-00171,File:NLC892-312002098744-312888 說文解字 十五卷 第1冊.pdf,25,right,-0.2,959,1920,33,530,64,88,1920,519,83.92,headword,0.988,卷一上,6,0.878,approved
3D0B5,ccz,C-00172,File:NLC892-312002098744-312888 說文解字 十五卷 第1冊.pdf,25,left,-0.611,0,959,865,521,65,92,1920,512,84.16,headword,1.0,卷一上,6,0.942,approved
3D0B6,ccz,C-00173,File:NLC892-312002098744-312888 說文解字 十五卷 第1冊.pdf,25,left,-0.611,0,959,781,514,63,101,1920,512,84.16,headword,0.999,卷一上,6,0.94,approved
3D0B7,ccz,C-00174,File:NLC892-312002098744-312888 說文解字 十五卷 第1冊.pdf,25,left,-0.611,0,959,620,514,59,104,1920,512,84.16,headword,0.999,卷一上,6,0.959,approved
3D0B8,ccz,C-00175,File:NLC892-312002098744-312888 說文解字 十五卷 第1冊.pdf,25,left,-0.611,0,959,442,514,68,104,1920,512,84.16,headword,1.0,卷一上,6,0.962,approved
3D0B9,ccz,C-00176,File:NLC892-312002098744-312888 說文解字 十五卷 第1冊.pdf,25,left,-0.611,0,959,354,788,66,102,1920,512,84.16,inline,0.999,卷一上,6,0.926,approved
3D0BA,ccz,C-00177,File:NLC892-312002098744-312888 說文解字 十五卷 第1冊.pdf,25,left,-0.611,0,959,276,524,66,94,1920,512,84.16,headword,0.987,卷一上,6,0.973,approved
3D0BB,ccz,C-00178,File:NLC892-312002098744-312888 說文解字 十五卷 第1冊.pdf,25,left,-0.611,0,959,194,530,62,82,1920,512,84.16,headword,0.616,卷一上,6,0.908,approved
3D0BC,ccz,C-00179,File:NLC892-312002098744-312888 說文解字 十五卷 第1冊.pdf,25,left,-0.611,0,959,109,518,67,95,1920,512,84.16,headword,0.995,卷一上,6,0.952,approved
3D0BD,ccz,C-00180,File:NLC892-312002098744-312888 說文解字 十五卷 第1冊.pdf,26,right,0.384,957,1920,787,532,64,77,1920,516,83.38,headword,0.781,卷一上,6,0.957,approved
3D0BE,ccz,C-00181,File:NLC892-312002098744-312888 說文解字 十五卷 第1冊.pdf,26,right,0.384,957,1920,701,525,63,99,1920,516,83.38,headword,1.0,卷一上,6,0.966,approved
3D0BF,ccz,C-00182,File:NLC892-312002098744-312888 說文解字 十五卷 第1冊.pdf,26,right,0.384,957,1920,618,532,62,91,1920,516,83.38,headword,0.987,卷一上,6,0.95,approved
3D0C0,ccz,C-00183,File:NLC892-312002098744-312888 說文解字 十五卷 第1冊.pdf,26,right,0.384,957,1920,620,1072,62,95,1920,516,83.38,inline,0.996,卷一上,6,0.924,approved
3D0C1,ccz,C-00184,File:NLC892-312002098744-312888 說文解字 十五卷 第1冊.pdf,26,right,0.384,957,1920,534,525,66,98,1920,516,83.38,headword,0.997,卷一上,6,0.983,approved
3D0C2,ccz,C-00185,File:NLC892-312002098744-312888 說文解字 十五卷 第1冊.pdf,26,right,0.384,957,1920,448,521,66,99,1920,516,83.38,headword,1.0,卷一上,6,0.938,approved
3D0C3,ccz,C-00186,File:NLC892-312002098744-312888 說文解字 十五卷 第1冊.pdf,26,right,0.384,957,1920,365,522,61,99,1920,516,83.38,headword,0.998,卷一上,6,0.948,approved
3D0C4,ccz,C-00187,File:NLC892-312002098744-312888 說文解字 十五卷 第1冊.pdf,26,right,0.384,957,1920,283,524,63,97,1920,516,83.38,headword,0.996,卷一上,6,0.99,approved
3D0C5,ccz,C-00188,File:NLC892-312002098744-312888 說文解字 十五卷 第1冊.pdf,26,right,0.384,957,1920,197,521,61,101,1920,516,83.38,headword,1.0,卷一上,6,0.979,approved
3D0C6,ccz,C-00189,File:NLC892-312002098744-312888 說文解字 十五卷 第1冊.pdf,26,right,0.384,957,1920,113,522,63,91,1920,516,83.38,inline,0.84,卷一上,6,0.969,approved
3D0C7,ccz,C-00190,File:NLC892-312002098744-312888 說文解字 十五卷 第1冊.pdf,26,right,0.384,957,1920,32,523,62,100,1920,516,83.38,headword,1.0,卷一上,6,0.977,approved
3D0C8,ccz,C-00191,File:NLC892-312002098744-312888 說文解字 十五卷 第1冊.pdf,26,left,-0.545,0,957,867,522,58,99,1920,516,84.7,headword,0.999,卷一上,6,0.975,approved
3D0C9,ccz,C-00192,File:NLC892-312002098744-312888 說文解字 十五卷 第1冊.pdf,26,left,-0.545,0,957,687,516,74,106,1920,516,84.7,headword,0.966,卷一上,6,0.833,approved
3D0CA,ccz,C-00193,File:NLC892-312002098744-312888 說文解字 十五卷 第1冊.pdf,26,left,-0.545,0,957,613,522,63,100,1920,516,84.7,inline,0.964,卷一上,6,0.972,approved
3D0CB,ccz,C-00194,File:NLC892-312002098744-312888 說文解字 十五卷 第1冊.pdf,26,left,-0.545,0,957,526,531,62,93,1920,516,84.7,headword,0.996,卷一上,6,0.964,approved
3D0CC,ccz,C-00195,File:NLC892-312002098744-312888 說文解字 十五卷 第1冊.pdf,26,left,-0.545,0,957,434,522,72,99,1920,516,84.7,headword,0.998,卷一上,6,0.636,approved
3D0CD,ccz,C-00196,File:NLC892-312002098744-312888 說文解字 十五卷 第1冊.pdf,26,left,-0.545,0,957,351,520,67,102,1920,516,84.7,headword,0.996,卷一上,6,0.939,approved
3D0CE,ccz,C-00197,File:NLC892-312002098744-312888 說文解字 十五卷 第1冊.pdf,26,left,-0.545,0,957,182,528,74,85,1920,516,84.7,inline,0.971,卷一上,6,0.787,approved
3D0CF,ccz,C-00198,File:NLC892-312002098744-312888 說文解字 十五卷 第1冊.pdf,26,left,-0.545,0,957,99,518,72,105,1920,516,84.7,headword,0.985,卷一上,6,0.762,approved
3D0D0,ccz,C-00199,File:NLC892-312002098744-312888 說文解字 十五卷 第1冊.pdf,27,right,-0.11,956,1920,785,526,65,95,1920,515,83.56,headword,1.0,卷一上,6,0.982,approved
3D0D1,ccz,C-00200,File:NLC892-312002098744-312888 說文解字 十五卷 第1冊.pdf,27,right,-0.11,956,1920,704,518,67,108,1920,515,83.56,headword,1.0,卷一上,6,0.974,approved
3D0D2,ccz,C-00201,File:NLC892-312002098744-312888 說文解字 十五卷 第1冊.pdf,27,right,-0.11,956,1920,619,519,71,106,1920,515,83.56,headword,1.0,卷一上,6,0.907,approved
3D0D3,ccz,C-00202,File:NLC892-312002098744-312888 說文解字 十五卷 第1冊.pdf,27,right,-0.11,956,1920,535,521,70,96,1920,515,83.56,inline,0.952,卷一上,6,0.965,approved
3D0D4,ccz,C-00203,File:NLC892-312002098744-312888 說文解字 十五卷 第1冊.pdf,27,right,-0.11,956,1920,451,520,66,104,1920,515,83.56,inline,0.993,卷一上,6,0.97,approved
3D0D5,ccz,C-00204,File:NLC892-312002098744-312888 說文解字 十五卷 第1冊.pdf,27,right,-0.11,956,1920,367,520,71,110,1920,515,83.56,headword,0.999,卷一上,6,0.839,approved
3D0D7,ccz,C-00206,File:NLC892-312002098744-312888 說文解字 十五卷 第1冊.pdf,27,right,-0.11,956,1920,207,526,57,90,1920,515,83.56,headword,1.0,卷一上,6,0.965,approved
3D0D8,ccz,C-00207,File:NLC892-312002098744-312888 說文解字 十五卷 第1冊.pdf,27,right,-0.11,956,1920,114,523,71,101,1920,515,83.56,headword,0.999,卷一上,6,0.863,approved
3D0D9,ccz,C-00208,File:NLC892-312002098744-312888 說文解字 十五卷 第1冊.pdf,27,right,-0.11,956,1920,37,525,62,98,1920,515,83.56,headword,0.999,卷一上,6,0.971,approved
3D0DA,ccz,C-00209,File:NLC892-312002098744-312888 說文解字 十五卷 第1冊.pdf,27,left,-0.594,0,956,863,517,60,83,1920,504,83.52,headword,0.994,卷一上,6,0.924,approved
3D0DB,ccz,C-00210,File:NLC892-312002098744-312888 說文解字 十五卷 第1冊.pdf,27,left,-0.594,0,956,774,507,69,98,1920,504,83.52,inline,0.996,卷一上,6,0.876,approved
3D0DC,ccz,C-00211,File:NLC892-312002098744-312888 說文解字 十五卷 第1冊.pdf,27,left,-0.594,0,956,695,507,65,104,1920,504,83.52,headword,0.999,卷一上,6,0.941,approved
3D0DD,ccz,C-00212,File:NLC892-312002098744-312888 說文解字 十五卷 第1冊.pdf,27,left,-0.594,0,956,606,509,66,101,1920,504,83.52,headword,0.999,卷一上,6,0.951,approved
3D0DE,ccz,C-00213,File:NLC892-312002098744-312888 說文解字 十五卷 第1冊.pdf,27,left,-0.594,0,956,521,512,62,97,1920,504,83.52,headword,0.998,卷一上,6,0.942,approved
3D0DF,ccz,C-00214,File:NLC892-312002098744-312888 說文解字 十五卷 第1冊.pdf,27,left,-0.594,0,956,431,504,75,109,1920,504,83.52,headword,0.947,卷一上,6,0.829,approved
3D0E0,ccz,C-00215,File:NLC892-312002098744-312888 說文解字 十五卷 第1冊.pdf,27,left,-0.594,0,956,356,518,57,73,1920,504,83.52,headword,0.995,卷一上,6,0.976,approved
3D0E1,ccz,C-00216,File:NLC892-312002098744-312888 說文解字 十五卷 第1冊.pdf,27,left,-0.594,0,956,263,520,73,90,1920,504,83.52,headword,0.987,卷一上,6,0.783,approved
3D0E2,ccz,C-00217,File:NLC892-312002098744-312888 說文解字 十五卷 第1冊.pdf,27,left,-0.594,0,956,187,517,62,95,1920,504,83.52,headword,0.999,卷一上,6,0.97,approved
3D0E3,ccz,C-00218,File:NLC892-312002098744-312888 說文解字 十五卷 第1冊.pdf,27,left,-0.594,0,956,100,512,66,90,1920,504,83.52,headword,0.993,卷一上,6,0.95,approved
3D0E4,ccz,C-00219,File:NLC892-312002098744-312888 說文解字 十五卷 第1冊.pdf,28,right,-0.004,958,1920,783,511,58,107,1920,507,84.1,headword,0.998,卷一上,6,0.988,approved
3D0E5,ccz,C-00220,File:NLC892-312002098744-312888 說文解字 十五卷 第1冊.pdf,28,right,-0.004,958,1920,697,520,68,95,1920,507,84.1,headword,1.0,卷一上,6,0.945,approved
3D0E6,ccz,C-00221,File:NLC892-312002098744-312888 說文解字 十五卷 第1冊.pdf,28,right,-0.004,958,1920,701,1602,66,103,1920,507,84.1,inline,1.0,卷一上,6,0.977,approved
3D0E7,ccz,C-00222,File:NLC892-312002098744-312888 說文解字 十五卷 第1冊.pdf,28,right,-0.004,958,1920,533,521,68,94,1920,507,84.1,headword,1.0,卷一上,6,0.983,approved
3D0E8,ccz,C-00223,File:NLC892-312002098744-312888 說文解字 十五卷 第1冊.pdf,28,right,-0.004,958,1920,449,519,64,91,1920,507,84.1,headword,0.999,卷一上,6,0.95,approved
3D0E9,ccz,C-00224,File:NLC892-312002098744-312888 說文解字 十五卷 第1冊.pdf,28,right,-0.004,958,1920,364,515,63,100,1920,507,84.1,headword,0.999,卷一上,6,0.968,approved
3D0EA,ccz,C-00225,File:NLC892-312002098744-312888 說文解字 十五卷 第1冊.pdf,28,right,-0.004,958,1920,195,514,63,101,1920,507,84.1,headword,0.999,卷一上,6,0.965,approved
3D0EB,ccz,C-00226,File:NLC892-312002098744-312888 說文解字 十五卷 第1冊.pdf,28,right,-0.004,958,1920,110,529,71,86,1920,507,84.1,headword,1.0,卷一上,6,0.86,approved
3D0EC,ccz,C-00227,File:NLC892-312002098744-312888 說文解字 十五卷 第1冊.pdf,28,right,-0.004,958,1920,19,513,78,98,1920,507,84.1,headword,0.992,卷一上,6,0.842,approved
3D0ED,ccz,C-00228,File:NLC892-312002098744-312888 說文解字 十五卷 第1冊.pdf,28,left,-0.585,0,958,871,728,67,108,1920,508,84.58,inline,0.989,卷一上,6,0.911,approved
3D0EE,ccz,C-00229,File:NLC892-312002098744-312888 說文解字 十五卷 第1冊.pdf,28,left,-0.585,0,958,784,511,63,97,1920,508,84.58,headword,0.999,卷一上,6,0.916,approved
3D0EF,ccz,C-00230,File:NLC892-312002098744-312888 說文解字 十五卷 第1冊.pdf,28,left,-0.585,0,958,612,512,65,101,1920,508,84.58,headword,0.999,卷一上,6,0.949,approved
3D0F0,ccz,C-00231,File:NLC892-312002098744-312888 說文解字 十五卷 第1冊.pdf,28,left,-0.585,0,958,440,510,70,103,1920,508,84.58,headword,1.0,卷一上,6,0.936,approved
3D0F1,ccz,C-00232,File:NLC892-312002098744-312888 說文解字 十五卷 第1冊.pdf,28,left,-0.585,0,958,361,514,61,99,1920,508,84.58,headword,1.0,卷一上,6,0.976,approved
3D0F2,ccz,C-00233,File:NLC892-312002098744-312888 說文解字 十五卷 第1冊.pdf,28,left,-0.585,0,958,269,511,70,97,1920,508,84.58,headword,1.0,卷一上,6,0.974,approved
3D0F3,ccz,C-00234,File:NLC892-312002098744-312888 說文解字 十五卷 第1冊.pdf,28,left,-0.585,0,958,194,510,61,99,1920,508,84.58,headword,0.999,卷一上,6,0.95,approved
3D0F4,ccz,C-00235,File:NLC892-312002098744-312888 說文解字 十五卷 第1冊.pdf,28,left,-0.585,0,958,107,515,63,98,1920,508,84.58,headword,1.0,卷一上,6,0.985,approved
3D0F5,ccz,C-00236,File:NLC892-312002098744-312888 說文解字 十五卷 第1冊.pdf,28,left,-0.585,0,958,106,1548,60,108,1920,508,84.58,inline,0.958,卷一上,6,0.924,approved
3D0F6,ccz,C-00237,File:NLC892-312002098744-312888 說文解字 十五卷 第1冊.pdf,29,right,0.23,956,1920,699,525,69,97,1920,519,84.16,headword,1.0,卷一上,6,0.895,approved
3D0F7,ccz,C-00238,File:NLC892-312002098744-312888 說文解字 十五卷 第1冊.pdf,29,right,0.23,956,1920,614,525,70,97,1920,519,84.16,headword,0.999,卷一上,6,0.982,approved
3D0F8,ccz,C-00239,File:NLC892-312002098744-312888 說文解字 十五卷 第1冊.pdf,29,right,0.23,956,1920,530,534,64,89,1920,519,84.16,headword,1.0,卷一上,6,0.957,approved
3D0F9,ccz,C-00240,File:NLC892-312002098744-312888 說文解字 十五卷 第1冊.pdf,29,right,0.23,956,1920,446,525,64,93,1920,519,84.16,headword,0.998,卷一上,6,0.981,approved
3D0FA,ccz,C-00241,File:NLC892-312002098744-312888 說文解字 十五卷 第1冊.pdf,29,right,0.23,956,1920,361,522,63,100,1920,519,84.16,headword,0.999,卷一上,6,0.94,approved
3D0FB,ccz,C-00242,File:NLC892-312002098744-312888 說文解字 十五卷 第1冊.pdf,29,right,0.23,956,1920,275,524,65,100,1920,519,84.16,headword,1.0,卷一上,6,0.977,approved
3D0FC,ccz,C-00243,File:NLC892-312002098744-312888 說文解字 十五卷 第1冊.pdf,29,right,0.23,956,1920,110,524,58,96,1920,519,84.16,headword,0.999,卷一上,6,0.961,approved
3D0FE,ccz,C-00245,File:NLC892-312002098744-312888 說文解字 十五卷 第1冊.pdf,29,left,-0.211,0,956,869,620,64,104,1920,508,83.82,inline,0.997,卷一上,6,0.887,approved
3D0FF,ccz,C-00246,File:NLC892-312002098744-312888 說文解字 十五卷 第1冊.pdf,29,left,-0.211,0,956,782,617,70,106,1920,508,83.82,inline,0.998,卷一上,6,0.927,approved
3D100,ccz,C-00247,File:NLC892-312002098744-312888 說文解字 十五卷 第1冊.pdf,29,left,-0.211,0,956,703,616,61,105,1920,508,83.82,inline,1.0,卷一上,6,0.958,approved
3D101,ccz,C-00248,File:NLC892-312002098744-312888 說文解字 十五卷 第1冊.pdf,29,left,-0.211,0,956,612,623,72,101,1920,508,83.82,inline,0.999,卷一上,6,0.952,approved
3D102,ccz,C-00249,File:NLC892-312002098744-312888 說文解字 十五卷 第1冊.pdf,29,left,-0.211,0,956,527,618,74,107,1920,508,83.82,inline,0.844,卷一上,6,0.948,approved
3D104,ccz,C-00251,File:NLC892-312002098744-312888 說文解字 十五卷 第1冊.pdf,29,left,-0.211,0,956,365,626,67,96,1920,508,83.82,inline,1.0,卷一上,6,0.908,approved
3D105,ccz,C-00252,File:NLC892-312002098744-312888 說文解字 十五卷 第1冊.pdf,29,left,-0.211,0,956,276,639,68,66,1920,508,83.82,inline,0.974,卷一上,6,0.966,approved
3D106,ccz,C-00253,File:NLC892-312002098744-312888 說文解字 十五卷 第1冊.pdf,29,left,-0.211,0,956,192,631,69,95,1920,508,83.82,inline,0.988,卷一上,6,0.948,approved
3D107,ccz,C-00254,File:NLC892-312002098744-312888 說文解字 十五卷 第1冊.pdf,29,left,-0.211,0,956,109,617,67,108,1920,508,83.82,inline,0.979,卷一上,6,0.983,approved
3D109,ccz,C-00256,File:NLC892-312002098744-312888 說文解字 十五卷 第1冊.pdf,30,right,-0.038,958,1920,703,623,74,99,1920,506,84.1,inline,0.995,卷一上,6,0.97,approved
3D10A,ccz,C-00257,File:NLC892-312002098744-312888 說文解字 十五卷 第1冊.pdf,30,right,-0.038,958,1920,620,622,72,106,1920,506,84.1,inline,0.998,卷一上,6,0.936,approved
3D10B,ccz,C-00258,File:NLC892-312002098744-312888 說文解字 十五卷 第1冊.pdf,30,right,-0.038,958,1920,540,622,69,104,1920,506,84.1,inline,0.993,卷一上,6,0.919,approved
3D10C,ccz,C-00259,File:NLC892-312002098744-312888 說文解字 十五卷 第1冊.pdf,30,right,-0.038,958,1920,366,514,77,93,1920,506,84.1,headword,0.933,卷一上,7,0.756,approved
3D10D,ccz,C-00260,File:NLC892-312002098744-312888 說文解字 十五卷 第1冊.pdf,30,right,-0.038,958,1920,374,1490,63,104,1920,506,84.1,inline,0.999,卷一上,7,0.932,approved
3D10E,ccz,C-00261,File:NLC892-312002098744-312888 說文解字 十五卷 第1冊.pdf,30,right,-0.038,958,1920,205,517,67,94,1920,506,84.1,headword,0.966,卷一上,7,0.967,approved
3D10F,ccz,C-00262,File:NLC892-312002098744-312888 說文解字 十五卷 第1冊.pdf,30,right,-0.038,958,1920,117,509,71,98,1920,506,84.1,recovered,0.0,卷一上,7,0.983,approved
3D07A,ccz,C-00116,File:NLC892-312002098744-312888 說文解字 十五卷 第1冊.pdf,22,left,-0.522,0,965,624,512,60,95,1920,505,84.14,recovered,0.0,卷一上,6,0.973,approved
3D08A,ccz,C-00131,File:NLC892-312002098744-312888 說文解字 十五卷 第1冊.pdf,23,right,0.564,962,1920,197,728,71,104,1920,503,83.98,recovered,0.0,卷一上,6,0.956,approved
3D09E,ccz,C-00150,File:NLC892-312002098744-312888 說文解字 十五卷 第1冊.pdf,24,right,0.298,962,1920,118,1398,62,66,1920,504,83.98,recovered,0.0,卷一上,6,0.988,approved
3D0A1,ccz,C-00153,File:NLC892-312002098744-312888 說文解字 十五卷 第1冊.pdf,24,left,-1.231,0,962,785,519,59,99,1920,512,84.2,recovered,0.0,卷一上,6,0.982,approved
3D0A6,ccz,C-00158,File:NLC892-312002098744-312888 說文解字 十五卷 第1冊.pdf,24,left,-1.231,0,962,351,515,75,106,1920,512,84.2,recovered,0.0,卷一上,6,0.874,approved
3D0D6,ccz,C-00205,File:NLC892-312002098744-312888 說文解字 十五卷 第1冊.pdf,27,right,-0.11,956,1920,282,521,69,105,1920,515,83.56,recovered,0.0,卷一上,6,0.962,approved
3D0FD,ccz,C-00244,File:NLC892-312002098744-312888 說文解字 十五卷 第1冊.pdf,29,right,0.23,956,1920,112,1289,59,97,1920,519,84.16,recovered,0.0,卷一上,6,0.897,approved
3D103,ccz,C-00250,File:NLC892-312002098744-312888 說文解字 十五卷 第1冊.pdf,29,left,-0.211,0,956,451,616,65,104,1920,508,83.82,recovered,0.0,卷一上,6,0.921,approved
3D108,ccz,C-00255,File:NLC892-312002098744-312888 說文解字 十五卷 第1冊.pdf,30,right,-0.038,958,1920,788,621,74,100,1920,506,84.1,recovered,0.0,卷一上,6,0.941,approved
3D110,ccz,C-00263,File:NLC892-312002098744-312888 說文解字 十五卷 第1冊.pdf,30,left,-0.37,0,958,785,508,48,99,1920,504,84.88,headword,0.999,卷一上,8,0.993,approved
3D111,ccz,C-00264,File:NLC892-312002098744-312888 說文解字 十五卷 第1冊.pdf,30,left,-0.37,0,958,699,508,59,101,1920,504,84.88,headword,0.999,卷一上,8,0.983,approved
3D113,ccz,C-00266,File:NLC892-312002098744-312888 說文解字 十五卷 第1冊.pdf,30,left,-0.37,0,958,523,512,59,81,1920,504,84.88,headword,0.987,卷一上,9,0.981,approved
3D114,ccz,C-00267,File:NLC892-312002098744-312888 說文解字 十五卷 第1冊.pdf,30,left,-0.37,0,958,347,504,73,108,1920,504,84.88,headword,0.966,卷一上,9,0.929,approved
3D115,ccz,C-00268,File:NLC892-312002098744-312888 說文解字 十五卷 第1冊.pdf,30,left,-0.37,0,958,267,940,69,108,1920,504,84.88,inline,0.978,卷一上,9,0.935,approved
3D116,ccz,C-00269,File:NLC892-312002098744-312888 說文解字 十五卷 第1冊.pdf,30,left,-0.37,0,958,189,509,65,101,1920,504,84.88,headword,0.999,卷一上,9,0.975,approved
3D117,ccz,C-00270,File:NLC892-312002098744-312888 說文解字 十五卷 第1冊.pdf,30,left,-0.37,0,958,102,507,67,105,1920,504,84.88,headword,1.0,卷一上,9,0.888,approved
3D118,ccz,C-00271,File:NLC892-312002098744-312888 說文解字 十五卷 第1冊.pdf,31,right,-0.221,957,1920,725,512,11,100,1920,509,83.98,headword,1.0,卷一上,10,0.981,approved
3D119,ccz,C-00272,File:NLC892-312002098744-312888 說文解字 十五卷 第1冊.pdf,31,right,-0.221,957,1920,539,510,65,104,1920,509,83.98,headword,0.996,卷一上,10,0.953,approved
3D11A,ccz,C-00273,File:NLC892-312002098744-312888 說文解字 十五卷 第1冊.pdf,31,right,-0.221,957,1920,540,1164,64,106,1920,509,83.98,inline,0.918,卷一上,10,0.899,approved
3D11B,ccz,C-00274,File:NLC892-312002098744-312888 說文解字 十五卷 第1冊.pdf,31,right,-0.221,957,1920,539,1438,55,95,1920,509,83.98,inline,0.998,卷一上,10,0.958,approved
3D11C,ccz,C-00275,File:NLC892-312002098744-312888 說文解字 十五卷 第1冊.pdf,31,right,-0.221,957,1920,446,513,69,100,1920,509,83.98,headword,0.997,卷一上,10,0.968,approved
3D112,ccz,C-00265,File:NLC892-312002098744-312888 說文解字 十五卷 第1冊.pdf,30,left,-0.37,0,958,698,1110,56,97,1920,504,84.88,recovered,0.0,卷一上,8,0.958,approved
3D11D,ccz,C-00276,File:NLC892-312002098744-312888 說文解字 十五卷 第1冊.pdf,32,left,0.203,0,956,618,505,42,102,1920,501,85.22,headword,1.0,卷一下,11,0.989,approved
3D11E,ccz,C-00277,File:NLC892-312002098744-312888 說文解字 十五卷 第1冊.pdf,32,left,0.203,0,956,358,507,54,102,1920,501,85.22,headword,1.0,卷一下,11,0.982,approved
3D11F,ccz,C-00278,File:NLC892-312002098744-312888 說文解字 十五卷 第1冊.pdf,32,left,0.203,0,956,177,504,71,106,1920,501,85.22,headword,0.999,卷一下,11,0.956,approved
3D120,ccz,C-00279,File:NLC892-312002098744-312888 說文解字 十五卷 第1冊.pdf,32,left,0.203,0,956,92,505,73,105,1920,501,85.22,headword,0.998,卷一下,11,0.943,approved
3D123,ccz,C-00281,File:NLC892-312002098744-312888 說文解字 十五卷 第1冊.pdf,33,right,0.484,953,1920,703,503,60,101,1920,496,83.71,headword,1.0,卷一下,11,0.987,approved
3D124,ccz,C-00282,File:NLC892-312002098744-312888 說文解字 十五卷 第1冊.pdf,33,right,0.484,953,1920,706,1481,61,105,1920,496,83.71,inline,0.992,卷一下,11,0.949,approved
3D125,ccz,C-00283,File:NLC892-312002098744-312888 說文解字 十五卷 第1冊.pdf,33,right,0.484,953,1920,531,501,63,90,1920,496,83.71,headword,0.993,卷一下,11,0.971,approved
3D127,ccz,C-00285,File:NLC892-312002098744-312888 說文解字 十五卷 第1冊.pdf,33,right,0.484,953,1920,369,498,52,107,1920,496,83.71,headword,1.0,卷一下,11,0.971,approved
3D128,ccz,C-00286,File:NLC892-312002098744-312888 說文解字 十五卷 第1冊.pdf,33,right,0.484,953,1920,197,501,62,100,1920,496,83.71,headword,1.0,卷一下,12,0.947,approved
3D129,ccz,C-00287,File:NLC892-312002098744-312888 說文解字 十五卷 第1冊.pdf,33,right,0.484,953,1920,113,503,60,101,1920,496,83.71,headword,1.0,卷一下,12,0.964,approved
3D12A,ccz,C-00288,File:NLC892-312002098744-312888 說文解字 十五卷 第1冊.pdf,33,right,0.484,953,1920,109,1271,66,105,1920,496,83.71,inline,0.999,卷一下,12,0.968,approved
3D12B,ccz,C-00289,File:NLC892-312002098744-312888 說文解字 十五卷 第1冊.pdf,33,right,0.484,953,1920,28,499,65,103,1920,496,83.71,headword,1.0,卷一下,12,0.928,approved
3D12C,ccz,C-00290,File:NLC892-312002098744-312888 說文解字 十五卷 第1冊.pdf,33,left,-0.922,0,953,862,503,57,95,1920,496,83.98,inline,0.993,卷一下,12,0.966,approved
3D12D,ccz,C-00291,File:NLC892-312002098744-312888 說文解字 十五卷 第1冊.pdf,33,left,-0.922,0,953,778,501,53,100,1920,496,83.98,headword,1.0,卷一下,12,0.965,approved
3D12E,ccz,C-00292,File:NLC892-312002098744-312888 說文解字 十五卷 第1冊.pdf,33,left,-0.922,0,953,593,501,65,104,1920,496,83.98,headword,0.998,卷一下,12,0.801,approved
3D12F,ccz,C-00293,File:NLC892-312002098744-312888 說文解字 十五卷 第1冊.pdf,33,left,-0.922,0,953,523,499,59,106,1920,496,83.98,headword,0.998,卷一下,12,0.923,approved
3D131,ccz,C-00295,File:NLC892-312002098744-312888 說文解字 十五卷 第1冊.pdf,33,left,-0.922,0,953,342,501,64,102,1920,496,83.98,headword,0.997,卷一下,12,0.92,approved
3D132,ccz,C-00296,File:NLC892-312002098744-312888 說文解字 十五卷 第1冊.pdf,33,left,-0.922,0,953,258,499,65,106,1920,496,83.98,headword,1.0,卷一下,12,0.877,approved
3D133,ccz,C-00297,File:NLC892-312002098744-312888 說文解字 十五卷 第1冊.pdf,33,left,-0.922,0,953,174,500,73,104,1920,496,83.98,headword,0.988,卷一下,12,0.816,approved
3D134,ccz,C-00298,File:NLC892-312002098744-312888 說文解字 十五卷 第1冊.pdf,33,left,-0.922,0,953,90,499,72,106,1920,496,83.98,headword,0.999,卷一下,12,0.71,approved
3D135,ccz,C-00299,File:NLC892-312002098744-312888 說文解字 十五卷 第1冊.pdf,34,right,-0.245,957,1920,776,620,65,104,1920,507,83.68,inline,1.0,卷一下,12,0.959,approved
3D136,ccz,C-00300,File:NLC892-312002098744-312888 說文解字 十五卷 第1冊.pdf,34,right,-0.245,957,1920,698,512,59,105,1920,507,83.68,headword,1.0,卷一下,12,0.958,approved
3D137,ccz,C-00301,File:NLC892-312002098744-312888 說文解字 十五卷 第1冊.pdf,34,right,-0.245,957,1920,614,512,61,104,1920,507,83.68,headword,1.0,卷一下,12,0.951,approved
3D138,ccz,C-00302,File:NLC892-312002098744-312888 說文解字 十五卷 第1冊.pdf,34,right,-0.245,957,1920,607,1108,72,107,1920,507,83.68,inline,0.99,卷一下,12,0.838,approved
3D139,ccz,C-00303,File:NLC892-312002098744-312888 說文解字 十五卷 第1冊.pdf,34,right,-0.245,957,1920,533,512,55,102,1920,507,83.68,headword,1.0,卷一下,12,0.99,approved
3D13A,ccz,C-00304,File:NLC892-312002098744-312888 說文解字 十五卷 第1冊.pdf,34,right,-0.245,957,1920,442,510,65,106,1920,507,83.68,headword,1.0,卷一下,12,0.952,approved
3D13B,ccz,C-00305,File:NLC892-312002098744-312888 說文解字 十五卷 第1冊.pdf,34,right,-0.245,957,1920,356,510,60,105,1920,507,83.68,headword,0.999,卷一下,12,0.948,approved
3D13C,ccz,C-00306,File:NLC892-312002098744-312888 說文解字 十五卷 第1冊.pdf,34,right,-0.245,957,1920,272,511,62,103,1920,507,83.68,headword,0.998,卷一下,12,0.93,approved
3D13D,ccz,C-00307,File:NLC892-312002098744-312888 說文解字 十五卷 第1冊.pdf,34,right,-0.245,957,1920,195,512,56,104,1920,507,83.68,headword,1.0,卷一下,12,0.99,approved
3D13E,ccz,C-00308,File:NLC892-312002098744-312888 說文解字 十五卷 第1冊.pdf,34,right,-0.245,957,1920,104,511,57,100,1920,507,83.68,headword,1.0,卷一下,12,0.975,approved
3D13F,ccz,C-00309,File:NLC892-312002098744-312888 說文解字 十五卷 第1冊.pdf,34,right,-0.245,957,1920,15,511,67,105,1920,507,83.68,headword,0.983,卷一下,12,0.774,approved
3D140,ccz,C-00310,File:NLC892-312002098744-312888 說文解字 十五卷 第1冊.pdf,34,left,-1.104,0,957,869,518,68,100,1920,513,84.5,headword,0.999,卷一下,12,0.726,approved
3D141,ccz,C-00311,File:NLC892-312002098744-312888 說文解字 十五卷 第1冊.pdf,34,left,-1.104,0,957,782,510,67,118,1920,513,84.5,headword,1.0,卷一下,12,0.708,approved
3D142,ccz,C-00312,File:NLC892-312002098744-312888 說文解字 十五卷 第1冊.pdf,34,left,-1.104,0,957,698,515,73,104,1920,513,84.5,headword,0.993,卷一下,12,0.662,approved
3D143,ccz,C-00313,File:NLC892-312002098744-312888 說文解字 十五卷 第1冊.pdf,34,left,-1.104,0,957,610,514,74,121,1920,513,84.5,headword,0.995,卷一下,12,0.676,approved
3D145,ccz,C-00315,File:NLC892-312002098744-312888 說文解字 十五卷 第1冊.pdf,34,left,-1.104,0,957,530,1167,63,105,1920,513,84.5,inline,0.995,卷一下,12,0.97,approved
3D146,ccz,C-00316,File:NLC892-312002098744-312888 說文解字 十五卷 第1冊.pdf,34,left,-1.104,0,957,444,517,69,103,1920,513,84.5,headword,0.989,卷一下,12,0.549,approved
3D147,ccz,C-00317,File:NLC892-312002098744-312888 說文解字 十五卷 第1冊.pdf,34,left,-1.104,0,957,359,516,68,105,1920,513,84.5,headword,1.0,卷一下,12,0.911,approved
3D148,ccz,C-00318,File:NLC892-312002098744-312888 說文解字 十五卷 第1冊.pdf,34,left,-1.104,0,957,274,519,73,102,1920,513,84.5,headword,0.997,卷一下,12,0.662,approved
3D149,ccz,C-00319,File:NLC892-312002098744-312888 說文解字 十五卷 第1冊.pdf,34,left,-1.104,0,957,192,514,70,107,1920,513,84.5,headword,0.997,卷一下,12,0.61,approved
3D14B,ccz,C-00321,File:NLC892-312002098744-312888 說文解字 十五卷 第1冊.pdf,35,right,0.001,956,1920,714,523,51,91,1920,518,84.36,headword,0.156,卷一下,12,0.916,approved
3D14C,ccz,C-00322,File:NLC892-312002098744-312888 說文解字 十五卷 第1冊.pdf,35,right,0.001,956,1920,622,520,63,105,1920,518,84.36,headword,1.0,卷一下,12,0.959,approved
3D14D,ccz,C-00323,File:NLC892-312002098744-312888 說文解字 十五卷 第1冊.pdf,35,right,0.001,956,1920,540,522,55,104,1920,518,84.36,headword,0.999,卷一下,12,0.972,approved
3D14E,ccz,C-00324,File:NLC892-312002098744-312888 說文解字 十五卷 第1冊.pdf,35,right,0.001,956,1920,456,521,52,104,1920,518,84.36,headword,1.0,卷一下,12,0.984,approved
3D14F,ccz,C-00325,File:NLC892-312002098744-312888 說文解字 十五卷 第1冊.pdf,35,right,0.001,956,1920,372,521,61,104,1920,518,84.36,headword,0.997,卷一下,12,0.967,approved
3D150,ccz,C-00326,File:NLC892-312002098744-312888 說文解字 十五卷 第1冊.pdf,35,right,0.001,956,1920,282,524,62,105,1920,518,84.36,headword,1.0,卷一下,12,0.981,approved
3D151,ccz,C-00327,File:NLC892-312002098744-312888 說文解字 十五卷 第1冊.pdf,35,right,0.001,956,1920,196,518,68,106,1920,518,84.36,headword,1.0,卷一下,12,0.892,approved
3D152,ccz,C-00328,File:NLC892-312002098744-312888 說文解字 十五卷 第1冊.pdf,35,right,0.001,956,1920,114,520,60,105,1920,518,84.36,headword,1.0,卷一下,12,0.953,approved
3D155,ccz,C-00331,File:NLC892-312002098744-312888 說文解字 十五卷 第1冊.pdf,35,left,-0.622,0,956,770,509,69,108,1920,509,83.72,headword,1.0,卷一下,12,0.801,approved
3D156,ccz,C-00332,File:NLC892-312002098744-312888 說文解字 十五卷 第1冊.pdf,35,left,-0.622,0,956,694,514,54,102,1920,509,83.72,headword,1.0,卷一下,12,0.978,approved
3D157,ccz,C-00333,File:NLC892-312002098744-312888 說文解字 十五卷 第1冊.pdf,35,left,-0.622,0,956,610,515,59,102,1920,509,83.72,headword,1.0,卷一下,12,0.954,approved
3D158,ccz,C-00334,File:NLC892-312002098744-312888 說文解字 十五卷 第1冊.pdf,35,left,-0.622,0,956,605,1594,63,104,1920,509,83.72,inline,1.0,卷一下,12,0.904,approved
3D159,ccz,C-00335,File:NLC892-312002098744-312888 說文解字 十五卷 第1冊.pdf,35,left,-0.622,0,956,519,787,69,104,1920,509,83.72,inline,1.0,卷一下,12,0.911,approved
3D15A,ccz,C-00336,File:NLC892-312002098744-312888 說文解字 十五卷 第1冊.pdf,35,left,-0.622,0,956,444,515,59,102,1920,509,83.72,headword,1.0,卷一下,12,0.961,approved
3D15B,ccz,C-00337,File:NLC892-312002098744-312888 說文解字 十五卷 第1冊.pdf,35,left,-0.622,0,956,444,1216,53,105,1920,509,83.72,inline,1.0,卷一下,12,0.985,approved
3D15C,ccz,C-00338,File:NLC892-312002098744-312888 說文解字 十五卷 第1冊.pdf,35,left,-0.622,0,956,275,513,54,104,1920,509,83.72,headword,1.0,卷一下,12,0.967,approved
3D15D,ccz,C-00339,File:NLC892-312002098744-312888 說文解字 十五卷 第1冊.pdf,35,left,-0.622,0,956,193,519,62,103,1920,509,83.72,headword,0.283,卷一下,12,0.911,approved
3D15E,ccz,C-00340,File:NLC892-312002098744-312888 說文解字 十五卷 第1冊.pdf,35,left,-0.622,0,956,96,509,75,108,1920,509,83.72,headword,0.98,卷一下,12,0.826,approved
3D15F,ccz,C-00341,File:NLC892-312002098744-312888 說文解字 十五卷 第1冊.pdf,36,right,-0.198,952,1920,782,518,63,101,1920,511,84.49,headword,0.999,卷一下,12,0.92,approved
3D160,ccz,C-00342,File:NLC892-312002098744-312888 說文解字 十五卷 第1冊.pdf,36,right,-0.198,952,1920,703,516,55,107,1920,511,84.49,headword,1.0,卷一下,12,0.943,approved
3D161,ccz,C-00343,File:NLC892-312002098744-312888 說文解字 十五卷 第1冊.pdf,36,right,-0.198,952,1920,614,519,66,100,1920,511,84.49,headword,0.999,卷一下,12,0.844,approved
3D162,ccz,C-00344,File:NLC892-312002098744-312888 說文解字 十五卷 第1冊.pdf,36,right,-0.198,952,1920,526,515,64,111,1920,511,84.49,headword,0.997,卷一下,12,0.949,approved
3D163,ccz,C-00345,File:NLC892-312002098744-312888 說文解字 十五卷 第1冊.pdf,36,right,-0.198,952,1920,449,517,53,93,1920,511,84.49,headword,0.998,卷一下,12,0.982,approved
3D164,ccz,C-00346,File:NLC892-312002098744-312888 說文解字 十五卷 第1冊.pdf,36,right,-0.198,952,1920,366,516,53,103,1920,511,84.49,headword,1.0,卷一下,12,0.955,approved
3D165,ccz,C-00347,File:NLC892-312002098744-312888 說文解字 十五卷 第1冊.pdf,36,right,-0.198,952,1920,281,516,53,103,1920,511,84.49,headword,1.0,卷一下,12,0.958,approved
3D166,ccz,C-00348,File:NLC892-312002098744-312888 說文解字 十五卷 第1冊.pdf,36,right,-0.198,952,1920,191,516,67,108,1920,511,84.49,headword,0.999,卷一下,12,0.975,approved
3D167,ccz,C-00349,File:NLC892-312002098744-312888 說文解字 十五卷 第1冊.pdf,36,right,-0.198,952,1920,107,517,53,102,1920,511,84.49,headword,1.0,卷一下,12,0.928,approved
3D168,ccz,C-00350,File:NLC892-312002098744-312888 說文解字 十五卷 第1冊.pdf,36,right,-0.198,952,1920,16,518,70,101,1920,511,84.49,headword,1.0,卷一下,12,0.786,approved
3D16A,ccz,C-00351,File:NLC892-312002098744-312888 說文解字 十五卷 第1冊.pdf,36,left,0.051,0,952,861,506,68,108,1920,506,84.2,headword,0.999,卷一下,12,0.846,approved
3D16B,ccz,C-00352,File:NLC892-312002098744-312888 說文解字 十五卷 第1冊.pdf,36,left,0.051,0,952,780,511,57,101,1920,506,84.2,headword,0.995,卷一下,12,0.98,approved
3D16C,ccz,C-00353,File:NLC892-312002098744-312888 說文解字 十五卷 第1冊.pdf,36,left,0.051,0,952,690,506,75,111,1920,506,84.2,headword,0.967,卷一下,12,0.895,approved
3D16D,ccz,C-00354,File:NLC892-312002098744-312888 說文解字 十五卷 第1冊.pdf,36,left,0.051,0,952,609,510,56,105,1920,506,84.2,headword,0.997,卷一下,12,0.97,approved
3D16E,ccz,C-00355,File:NLC892-312002098744-312888 說文解字 十五卷 第1冊.pdf,36,left,0.051,0,952,522,514,53,88,1920,506,84.2,headword,0.997,卷一下,12,0.948,approved
3D16F,ccz,C-00356,File:NLC892-312002098744-312888 說文解字 十五卷 第1冊.pdf,36,left,0.051,0,952,438,513,71,105,1920,506,84.2,headword,0.988,卷一下,12,0.822,approved
3D170,ccz,C-00357,File:NLC892-312002098744-312888 說文解字 十五卷 第1冊.pdf,36,left,0.051,0,952,354,506,70,108,1920,506,84.2,manual,1.0,卷一下,12,0.704,approved
3D171,ccz,C-00358,File:NLC892-312002098744-312888 說文解字 十五卷 第1冊.pdf,36,left,0.051,0,952,266,506,74,113,1920,506,84.2,headword,0.966,卷一下,12,0.636,approved
3D172,ccz,C-00359,File:NLC892-312002098744-312888 說文解字 十五卷 第1冊.pdf,36,left,0.051,0,952,187,511,68,103,1920,506,84.2,headword,0.973,卷一下,12,0.835,approved
3D173,ccz,C-00360,File:NLC892-312002098744-312888 說文解字 十五卷 第1冊.pdf,36,left,0.051,0,952,97,512,59,102,1920,506,84.2,headword,1.0,卷一下,12,0.89,approved
3D174,ccz,C-00361,File:NLC892-312002098744-312888 說文解字 十五卷 第1冊.pdf,37,right,-0.119,953,1920,784,521,58,98,1920,510,83.21,headword,1.0,卷一下,12,0.847,approved
3D175,ccz,C-00362,File:NLC892-312002098744-312888 說文解字 十五卷 第1冊.pdf,37,right,-0.119,953,1920,704,521,52,91,1920,510,83.21,headword,0.999,卷一下,12,0.955,approved
3D176,ccz,C-00363,File:NLC892-312002098744-312888 說文解字 十五卷 第1冊.pdf,37,right,-0.119,953,1920,623,519,52,103,1920,510,83.21,headword,1.0,卷一下,12,0.971,approved
3D177,ccz,C-00364,File:NLC892-312002098744-312888 說文解字 十五卷 第1冊.pdf,37,right,-0.119,953,1920,536,518,53,102,1920,510,83.21,headword,0.999,卷一下,12,0.965,approved
3D178,ccz,C-00365,File:NLC892-312002098744-312888 說文解字 十五卷 第1冊.pdf,37,right,-0.119,953,1920,454,517,57,105,1920,510,83.21,headword,1.0,卷一下,12,0.957,approved
3D179,ccz,C-00366,File:NLC892-312002098744-312888 說文解字 十五卷 第1冊.pdf,37,right,-0.119,953,1920,368,516,58,106,1920,510,83.21,headword,1.0,卷一下,12,0.929,approved
3D17A,ccz,C-00367,File:NLC892-312002098744-312888 說文解字 十五卷 第1冊.pdf,37,right,-0.119,953,1920,281,516,60,106,1920,510,83.21,headword,1.0,卷一下,12,0.942,approved
3D17B,ccz,C-00368,File:NLC892-312002098744-312888 說文解字 十五卷 第1冊.pdf,37,right,-0.119,953,1920,199,517,58,106,1920,510,83.21,headword,1.0,卷一下,12,0.966,approved
3D17C,ccz,C-00369,File:NLC892-312002098744-312888 說文解字 十五卷 第1冊.pdf,37,right,-0.119,953,1920,113,516,65,103,1920,510,83.21,headword,1.0,卷一下,12,0.894,approved
3D17D,ccz,C-00370,File:NLC892-312002098744-312888 說文解字 十五卷 第1冊.pdf,37,right,-0.119,953,1920,32,517,51,108,1920,510,83.21,headword,0.998,卷一下,12,0.955,approved
3D17E,ccz,C-00371,File:NLC892-312002098744-312888 說文解字 十五卷 第1冊.pdf,37,left,-0.967,0,953,848,514,70,109,1920,511,83.28,headword,0.98,卷一下,12,0.882,approved
3D17F,ccz,C-00372,File:NLC892-312002098744-312888 說文解字 十五卷 第1冊.pdf,37,left,-0.967,0,953,765,514,72,101,1920,511,83.28,headword,0.98,卷一下,12,0.732,approved
3D180,ccz,C-00373,File:NLC892-312002098744-312888 說文解字 十五卷 第1冊.pdf,37,left,-0.967,0,953,681,517,69,102,1920,511,83.28,headword,0.999,卷一下,12,0.777,approved
3D181,ccz,C-00374,File:NLC892-312002098744-312888 說文解字 十五卷 第1冊.pdf,37,left,-0.967,0,953,596,513,71,111,1920,511,83.28,headword,0.961,卷一下,12,0.935,approved
3D183,ccz,C-00375,File:NLC892-312002098744-312888 說文解字 十五卷 第1冊.pdf,37,left,-0.967,0,953,511,509,71,125,1920,511,83.28,headword,0.999,卷一下,12,0.693,approved
3D184,ccz,C-00376,File:NLC892-312002098744-312888 說文解字 十五卷 第1冊.pdf,37,left,-0.967,0,953,429,516,68,92,1920,511,83.28,headword,0.997,卷一下,12,0.655,approved
3D185,ccz,C-00377,File:NLC892-312002098744-312888 說文解字 十五卷 第1冊.pdf,37,left,-0.967,0,953,344,516,71,105,1920,511,83.28,headword,1.0,卷一下,12,0.67,approved
3D186,ccz,C-00378,File:NLC892-312002098744-312888 說文解字 十五卷 第1冊.pdf,37,left,-0.967,0,953,261,515,67,97,1920,511,83.28,headword,0.998,卷一下,12,0.642,approved
3D187,ccz,C-00379,File:NLC892-312002098744-312888 說文解字 十五卷 第1冊.pdf,37,left,-0.967,0,953,179,510,66,116,1920,511,83.28,headword,0.947,卷一下,12,0.752,approved
3D188,ccz,C-00380,File:NLC892-312002098744-312888 說文解字 十五卷 第1冊.pdf,37,left,-0.967,0,953,94,517,71,100,1920,511,83.28,headword,1.0,卷一下,12,0.602,approved
3D189,ccz,C-00381,File:NLC892-312002098744-312888 說文解字 十五卷 第1冊.pdf,38,right,0.03,953,1920,788,520,58,104,1920,511,84.21,headword,0.997,卷一下,12,0.945,approved
3D18A,ccz,C-00382,File:NLC892-312002098744-312888 說文解字 十五卷 第1冊.pdf,38,right,0.03,953,1920,624,518,53,107,1920,511,84.21,headword,0.999,卷一下,12,0.963,approved
3D18B,ccz,C-00383,File:NLC892-312002098744-312888 說文解字 十五卷 第1冊.pdf,38,right,0.03,953,1920,538,519,59,100,1920,511,84.21,headword,1.0,卷一下,12,0.916,approved
3D18C,ccz,C-00384,File:NLC892-312002098744-312888 說文解字 十五卷 第1冊.pdf,38,right,0.03,953,1920,458,517,55,103,1920,511,84.21,headword,1.0,卷一下,12,0.954,approved
3D18D,ccz,C-00385,File:NLC892-312002098744-312888 說文解字 十五卷 第1冊.pdf,38,right,0.03,953,1920,369,517,60,106,1920,511,84.21,headword,1.0,卷一下,12,0.939,approved
3D18E,ccz,C-00386,File:NLC892-312002098744-312888 說文解字 十五卷 第1冊.pdf,38,right,0.03,953,1920,274,511,75,108,1920,511,84.21,headword,0.954,卷一下,12,0.934,approved
3D18F,ccz,C-00387,File:NLC892-312002098744-312888 說文解字 十五卷 第1冊.pdf,38,right,0.03,953,1920,195,516,67,103,1920,511,84.21,headword,1.0,卷一下,12,0.842,approved
3D190,ccz,C-00388,File:NLC892-312002098744-312888 說文解字 十五卷 第1冊.pdf,38,right,0.03,953,1920,119,519,57,101,1920,511,84.21,headword,0.978,卷一下,12,0.959,approved
3D191,ccz,C-00389,File:NLC892-312002098744-312888 說文解字 十五卷 第1冊.pdf,38,right,0.03,953,1920,21,514,70,105,1920,511,84.21,headword,0.995,卷一下,12,0.723,approved
3D192,ccz,C-00390,File:NLC892-312002098744-312888 說文解字 十五卷 第1冊.pdf,38,left,-0.916,0,953,872,520,54,88,1920,515,83.48,headword,1.0,卷一下,12,0.97,approved
3D193,ccz,C-00391,File:NLC892-312002098744-312888 說文解字 十五卷 第1冊.pdf,38,left,-0.916,0,953,786,517,55,102,1920,515,83.48,headword,1.0,卷一下,12,0.981,approved
3D194,ccz,C-00392,File:NLC892-312002098744-312888 說文解字 十五卷 第1冊.pdf,38,left,-0.916,0,953,701,522,61,104,1920,515,83.48,headword,0.998,卷一下,12,0.941,approved
3D195,ccz,C-00393,File:NLC892-312002098744-312888 說文解字 十五卷 第1冊.pdf,38,left,-0.916,0,953,618,519,54,108,1920,515,83.48,headword,0.999,卷一下,12,0.968,approved
3D196,ccz,C-00394,File:NLC892-312002098744-312888 說文解字 十五卷 第1冊.pdf,38,left,-0.916,0,953,534,521,56,99,1920,515,83.48,headword,1.0,卷一下,12,0.966,approved
3D197,ccz,C-00395,File:NLC892-312002098744-312888 說文解字 十五卷 第1冊.pdf,38,left,-0.916,0,953,368,519,51,106,1920,515,83.48,headword,0.999,卷一下,12,0.978,approved
3D199,ccz,C-00396,File:NLC892-312002098744-312888 說文解字 十五卷 第1冊.pdf,38,left,-0.916,0,953,357,1113,73,104,1920,515,83.48,inline,0.999,卷一下,12,0.96,approved
3D19A,ccz,C-00397,File:NLC892-312002098744-312888 說文解字 十五卷 第1冊.pdf,38,left,-0.916,0,953,280,522,56,103,1920,515,83.48,headword,1.0,卷一下,12,0.893,approved
3D19B,ccz,C-00398,File:NLC892-312002098744-312888 說文解字 十五卷 第1冊.pdf,38,left,-0.916,0,953,198,521,53,100,1920,515,83.48,headword,1.0,卷一下,12,0.97,approved
3D19C,ccz,C-00399,File:NLC892-312002098744-312888 說文解字 十五卷 第1冊.pdf,38,left,-0.916,0,953,119,525,53,97,1920,515,83.48,headword,0.999,卷一下,12,0.943,approved
3D19D,ccz,C-00400,File:NLC892-312002098744-312888 說文解字 十五卷 第1冊.pdf,39,right,-0.911,960,1920,797,536,55,105,1920,529,83.84,headword,0.996,卷一下,12,0.939,approved
3D19E,ccz,C-00401,File:NLC892-312002098744-312888 說文解字 十五卷 第1冊.pdf,39,right,-0.911,960,1920,715,538,58,97,1920,529,83.84,headword,0.999,卷一下,12,0.927,approved
3D19F,ccz,C-00402,File:NLC892-312002098744-312888 說文解字 十五卷 第1冊.pdf,39,right,-0.911,960,1920,627,535,57,101,1920,529,83.84,headword,1.0,卷一下,12,0.98,approved
3D1A0,ccz,C-00403,File:NLC892-312002098744-312888 說文解字 十五卷 第1冊.pdf,39,right,-0.911,960,1920,544,534,53,97,1920,529,83.84,headword,0.998,卷一下,12,0.976,approved
3D1A1,ccz,C-00404,File:NLC892-312002098744-312888 說文解字 十五卷 第1冊.pdf,39,right,-0.911,960,1920,461,535,59,102,1920,529,83.84,headword,1.0,卷一下,12,0.952,approved
3D1A2,ccz,C-00405,File:NLC892-312002098744-312888 說文解字 十五卷 第1冊.pdf,39,right,-0.911,960,1920,377,533,53,100,1920,529,83.84,headword,1.0,卷一下,12,0.968,approved
3D1A3,ccz,C-00406,File:NLC892-312002098744-312888 說文解字 十五卷 第1冊.pdf,39,right,-0.911,960,1920,295,533,49,109,1920,529,83.84,headword,0.989,卷一下,12,0.948,approved
3D1A4,ccz,C-00407,File:NLC892-312002098744-312888 說文解字 十五卷 第1冊.pdf,39,right,-0.911,960,1920,211,532,51,104,1920,529,83.84,headword,1.0,卷一下,12,0.947,approved
3D1A5,ccz,C-00408,File:NLC892-312002098744-312888 說文解字 十五卷 第1冊.pdf,39,right,-0.911,960,1920,122,533,53,105,1920,529,83.84,headword,1.0,卷一下,12,0.958,approved
3D1A6,ccz,C-00409,File:NLC892-312002098744-312888 說文解字 十五卷 第1冊.pdf,39,right,-0.911,960,1920,38,533,57,97,1920,529,83.84,headword,1.0,卷一下,12,0.912,approved
3D1A7,ccz,C-00410,File:NLC892-312002098744-312888 說文解字 十五卷 第1冊.pdf,39,left,-0.688,0,960,855,547,71,99,1920,541,84.24,headword,0.998,卷一下,12,0.589,approved
3D1A8,ccz,C-00411,File:NLC892-312002098744-312888 說文解字 十五卷 第1冊.pdf,39,left,-0.688,0,960,771,546,71,101,1920,541,84.24,headword,0.998,卷一下,12,0.876,approved
3D1A9,ccz,C-00412,File:NLC892-312002098744-312888 說文解字 十五卷 第1冊.pdf,39,left,-0.688,0,960,687,543,70,105,1920,541,84.24,headword,1.0,卷一下,12,0.846,approved
3D1AA,ccz,C-00413,File:NLC892-312002098744-312888 說文解字 十五卷 第1冊.pdf,39,left,-0.688,0,960,601,540,70,114,1920,541,84.24,headword,0.999,卷一下,12,0.871,approved
3D1AB,ccz,C-00414,File:NLC892-312002098744-312888 說文解字 十五卷 第1冊.pdf,39,left,-0.688,0,960,517,540,68,111,1920,541,84.24,headword,0.999,卷一下,12,0.713,approved
3D1AC,ccz,C-00415,File:NLC892-312002098744-312888 說文解字 十五卷 第1冊.pdf,39,left,-0.688,0,960,433,547,73,114,1920,541,84.24,inline,0.852,卷一下,12,0.807,approved
3D1AD,ccz,C-00416,File:NLC892-312002098744-312888 說文解字 十五卷 第1冊.pdf,39,left,-0.688,0,960,349,544,70,104,1920,541,84.24,headword,0.992,卷一下,12,0.887,approved
3D1AF,ccz,C-00418,File:NLC892-312002098744-312888 說文解字 十五卷 第1冊.pdf,39,left,-0.688,0,960,181,543,71,103,1920,541,84.24,headword,0.999,卷一下,12,0.71,approved
3D1B0,ccz,C-00419,File:NLC892-312002098744-312888 說文解字 十五卷 第1冊.pdf,39,left,-0.688,0,960,97,541,71,111,1920,541,84.24,headword,0.327,卷一下,12,0.803,approved
3D1B1,ccz,C-00420,File:NLC892-312002098744-312888 說文解字 十五卷 第1冊.pdf,40,right,-0.068,950,1920,787,545,65,109,1920,538,83.95,headword,0.999,卷一下,12,0.928,approved
3D1B2,ccz,C-00421,File:NLC892-312002098744-312888 說文解字 十五卷 第1冊.pdf,40,right,-0.068,950,1920,705,547,59,96,1920,538,83.95,headword,1.0,卷一下,12,0.813,approved
3D1B3,ccz,C-00422,File:NLC892-312002098744-312888 說文解字 十五卷 第1冊.pdf,40,right,-0.068,950,1920,624,545,62,101,1920,538,83.95,headword,1.0,卷一下,12,0.937,approved
3D1B4,ccz,C-00423,File:NLC892-312002098744-312888 說文解字 十五卷 第1冊.pdf,40,right,-0.068,950,1920,541,548,57,100,1920,538,83.95,headword,1.0,卷一下,12,0.977,approved
3D1B5,ccz,C-00424,File:NLC892-312002098744-312888 說文解字 十五卷 第1冊.pdf,40,right,-0.068,950,1920,451,546,62,106,1920,538,83.95,headword,1.0,卷一下,12,0.963,approved
3D1B6,ccz,C-00425,File:NLC892-312002098744-312888 說文解字 十五卷 第1冊.pdf,40,right,-0.068,950,1920,374,547,54,89,1920,538,83.95,headword,0.995,卷一下,12,0.975,approved
3D1B7,ccz,C-00426,File:NLC892-312002098744-312888 說文解字 十五卷 第1冊.pdf,40,right,-0.068,950,1920,292,546,51,105,1920,538,83.95,headword,0.999,卷一下,12,0.978,approved
3D1B8,ccz,C-00427,File:NLC892-312002098744-312888 說文解字 十五卷 第1冊.pdf,40,right,-0.068,950,1920,204,544,52,104,1920,538,83.95,headword,1.0,卷一下,12,0.963,approved
3D1B9,ccz,C-00428,File:NLC892-312002098744-312888 說文解字 十五卷 第1冊.pdf,40,right,-0.068,950,1920,119,544,63,101,1920,538,83.95,headword,0.999,卷一下,12,0.955,approved
3D1BA,ccz,C-00429,File:NLC892-312002098744-312888 說文解字 十五卷 第1冊.pdf,40,right,-0.068,950,1920,28,541,70,106,1920,538,83.95,headword,0.996,卷一下,12,0.915,approved
3D1BB,ccz,C-00430,File:NLC892-312002098744-312888 說文解字 十五卷 第1冊.pdf,40,right,-0.068,950,1920,36,1237,53,87,1920,538,83.95,inline,0.999,卷一下,12,0.913,approved
3D1BC,ccz,C-00431,File:NLC892-312002098744-312888 說文解字 十五卷 第1冊.pdf,40,left,-0.655,0,950,855,519,63,104,1920,512,84.54,headword,0.996,卷一下,12,0.975,approved
3D1BD,ccz,C-00432,File:NLC892-312002098744-312888 說文解字 十五卷 第1冊.pdf,40,left,-0.655,0,950,768,512,73,108,1920,512,84.54,headword,0.999,卷一下,12,0.931,approved
3D1BE,ccz,C-00433,File:NLC892-312002098744-312888 說文解字 十五卷 第1冊.pdf,40,left,-0.655,0,950,685,516,70,104,1920,512,84.54,headword,0.999,卷一下,12,0.783,approved
3D1BF,ccz,C-00434,File:NLC892-312002098744-312888 說文解字 十五卷 第1冊.pdf,40,left,-0.655,0,950,598,512,70,108,1920,512,84.54,headword,1.0,卷一下,12,0.829,approved
3D1C0,ccz,C-00435,File:NLC892-312002098744-312888 說文解字 十五卷 第1冊.pdf,40,left,-0.655,0,950,526,515,57,100,1920,512,84.54,headword,0.997,卷一下,12,0.982,approved
3D1C1,ccz,C-00436,File:NLC892-312002098744-312888 說文解字 十五卷 第1冊.pdf,40,left,-0.655,0,950,444,514,59,105,1920,512,84.54,headword,0.998,卷一下,12,0.985,approved
3D1C2,ccz,C-00437,File:NLC892-312002098744-312888 說文解字 十五卷 第1冊.pdf,40,left,-0.655,0,950,364,516,52,102,1920,512,84.54,headword,1.0,卷一下,12,0.97,approved
3D1C3,ccz,C-00438,File:NLC892-312002098744-312888 說文解字 十五卷 第1冊.pdf,40,left,-0.655,0,950,263,515,68,105,1920,512,84.54,headword,0.999,卷一下,12,0.873,approved
3D1C4,ccz,C-00439,File:NLC892-312002098744-312888 說文解字 十五卷 第1冊.pdf,40,left,-0.655,0,950,180,512,67,108,1920,512,84.54,headword,0.999,卷一下,12,0.74,approved
3D1C5,ccz,C-00440,File:NLC892-312002098744-312888 說文解字 十五卷 第1冊.pdf,40,left,-0.655,0,950,96,512,73,108,1920,512,84.54,headword,0.996,卷一下,12,0.762,approved
3D1C6,ccz,C-00441,File:NLC892-312002098744-312888 說文解字 十五卷 第1冊.pdf,41,right,-0.589,954,1920,791,522,61,104,1920,515,84.82,headword,1.0,卷一下,12,0.925,approved
3D1C7,ccz,C-00442,File:NLC892-312002098744-312888 說文解字 十五卷 第1冊.pdf,41,right,-0.589,954,1920,714,520,54,106,1920,515,84.82,headword,1.0,卷一下,12,0.984,approved
3D1C8,ccz,C-00443,File:NLC892-312002098744-312888 說文解字 十五卷 第1冊.pdf,41,right,-0.589,954,1920,627,519,55,108,1920,515,84.82,headword,1.0,卷一下,12,0.969,approved
3D1C9,ccz,C-00444,File:NLC892-312002098744-312888 說文解字 十五卷 第1冊.pdf,41,right,-0.589,954,1920,548,520,50,99,1920,515,84.82,headword,0.998,卷一下,12,0.96,approved
3D1CA,ccz,C-00445,File:NLC892-312002098744-312888 說文解字 十五卷 第1冊.pdf,41,right,-0.589,954,1920,463,519,55,108,1920,515,84.82,headword,0.998,卷一下,12,0.987,approved
3D1CB,ccz,C-00446,File:NLC892-312002098744-312888 說文解字 十五卷 第1冊.pdf,41,right,-0.589,954,1920,383,520,51,102,1920,515,84.82,headword,0.998,卷一下,12,0.966,approved
3D1CC,ccz,C-00447,File:NLC892-312002098744-312888 說文解字 十五卷 第1冊.pdf,41,right,-0.589,954,1920,283,517,74,109,1920,515,84.82,headword,0.995,卷一下,12,0.908,approved
3D1CD,ccz,C-00448,File:NLC892-312002098744-312888 說文解字 十五卷 第1冊.pdf,41,right,-0.589,954,1920,215,520,49,104,1920,515,84.82,headword,0.996,卷一下,12,0.978,approved
3D1CE,ccz,C-00449,File:NLC892-312002098744-312888 說文解字 十五卷 第1冊.pdf,41,right,-0.589,954,1920,205,1440,59,99,1920,515,84.82,inline,0.999,卷一下,12,0.905,approved
3D1CF,ccz,C-00450,File:NLC892-312002098744-312888 說文解字 十五卷 第1冊.pdf,41,right,-0.589,954,1920,28,519,67,94,1920,515,84.82,headword,0.994,卷一下,12,0.625,approved
3D1D0,ccz,C-00451,File:NLC892-312002098744-312888 說文解字 十五卷 第1冊.pdf,41,left,0.027,0,954,771,513,57,102,1920,510,84.16,headword,0.998,卷一下,12,0.963,approved
3D1D1,ccz,C-00452,File:NLC892-312002098744-312888 說文解字 十五卷 第1冊.pdf,41,left,0.027,0,954,692,514,57,104,1920,510,84.16,headword,0.987,卷一下,12,0.957,approved
3D1D2,ccz,C-00453,File:NLC892-312002098744-312888 說文解字 十五卷 第1冊.pdf,41,left,0.027,0,954,609,516,53,102,1920,510,84.16,headword,1.0,卷一下,12,0.966,approved
3D1D3,ccz,C-00454,File:NLC892-312002098744-312888 說文解字 十五卷 第1冊.pdf,41,left,0.027,0,954,524,513,51,89,1920,510,84.16,headword,0.996,卷一下,12,0.946,approved
3D1D4,ccz,C-00455,File:NLC892-312002098744-312888 說文解字 十五卷 第1冊.pdf,41,left,0.027,0,954,433,513,55,103,1920,510,84.16,headword,0.999,卷一下,12,0.96,approved
3D1D5,ccz,C-00456,File:NLC892-312002098744-312888 說文解字 十五卷 第1冊.pdf,41,left,0.027,0,954,350,513,62,103,1920,510,84.16,headword,0.999,卷一下,12,0.979,approved
3D1D6,ccz,C-00457,File:NLC892-312002098744-312888 說文解字 十五卷 第1冊.pdf,41,left,0.027,0,954,265,513,63,103,1920,510,84.16,headword,1.0,卷一下,12,0.983,approved
3D1D7,ccz,C-00458,File:NLC892-312002098744-312888 說文解字 十五卷 第1冊.pdf,41,left,0.027,0,954,184,509,56,107,1920,510,84.16,inline,0.968,卷一下,12,0.978,approved
3D1D8,ccz,C-00459,File:NLC892-312002098744-312888 說文解字 十五卷 第1冊.pdf,41,left,0.027,0,954,100,512,55,106,1920,510,84.16,headword,0.996,卷一下,12,0.963,approved
3D1D9,ccz,C-00460,File:NLC892-312002098744-312888 說文解字 十五卷 第1冊.pdf,42,right,-0.135,949,1920,788,521,63,106,1920,516,84.93,headword,1.0,卷一下,12,0.963,approved
3D1DA,ccz,C-00461,File:NLC892-312002098744-312888 說文解字 十五卷 第1冊.pdf,42,right,-0.135,949,1920,715,524,49,98,1920,516,84.93,headword,1.0,卷一下,12,0.985,approved
3D1DC,ccz,C-00462,File:NLC892-312002098744-312888 說文解字 十五卷 第1冊.pdf,42,right,-0.135,949,1920,628,521,51,103,1920,516,84.93,headword,1.0,卷一下,12,0.952,approved
3D1DD,ccz,C-00463,File:NLC892-312002098744-312888 說文解字 十五卷 第1冊.pdf,42,right,-0.135,949,1920,620,1116,64,107,1920,516,84.93,inline,1.0,卷一下,12,0.964,approved
3D1DE,ccz,C-00464,File:NLC892-312002098744-312888 說文解字 十五卷 第1冊.pdf,42,right,-0.135,949,1920,541,520,54,97,1920,516,84.93,headword,0.999,卷一下,12,0.956,approved
3D1DF,ccz,C-00465,File:NLC892-312002098744-312888 說文解字 十五卷 第1冊.pdf,42,right,-0.135,949,1920,459,520,54,103,1920,516,84.93,headword,0.993,卷一下,12,0.986,approved
3D1E0,ccz,C-00466,File:NLC892-312002098744-312888 說文解字 十五卷 第1冊.pdf,42,right,-0.135,949,1920,369,519,57,105,1920,516,84.93,headword,0.999,卷一下,12,0.918,approved
3D1E1,ccz,C-00467,File:NLC892-312002098744-312888 說文解字 十五卷 第1冊.pdf,42,right,-0.135,949,1920,290,520,57,104,1920,516,84.93,headword,1.0,卷一下,12,0.936,approved
3D1E2,ccz,C-00468,File:NLC892-312002098744-312888 說文解字 十五卷 第1冊.pdf,42,right,-0.135,949,1920,204,521,56,102,1920,516,84.93,headword,1.0,卷一下,12,0.927,approved
3D1E3,ccz,C-00469,File:NLC892-312002098744-312888 說文解字 十五卷 第1冊.pdf,42,right,-0.135,949,1920,204,1554,60,110,1920,516,84.93,inline,0.998,卷一下,12,0.964,approved
3D1E4,ccz,C-00470,File:NLC892-312002098744-312888 說文解字 十五卷 第1冊.pdf,42,right,-0.135,949,1920,22,518,66,103,1920,516,84.93,headword,0.997,卷一下,12,0.786,approved
3D1E5,ccz,C-00471,File:NLC892-312002098744-312888 說文解字 十五卷 第1冊.pdf,42,right,-0.135,949,1920,25,1063,67,111,1920,516,84.93,inline,0.934,卷一下,12,0.854,approved
3D1E6,ccz,C-00472,File:NLC892-312002098744-312888 說文解字 十五卷 第1冊.pdf,42,left,-0.49,0,949,845,520,67,104,1920,517,84.66,headword,0.998,卷一下,12,0.827,approved
3D1E7,ccz,C-00473,File:NLC892-312002098744-312888 說文解字 十五卷 第1冊.pdf,42,left,-0.49,0,949,776,520,50,102,1920,517,84.66,headword,1.0,卷一下,12,0.974,approved
3D1E8,ccz,C-00474,File:NLC892-312002098744-312888 說文解字 十五卷 第1冊.pdf,42,left,-0.49,0,949,689,521,53,103,1920,517,84.66,headword,1.0,卷一下,12,0.962,approved
3D1E9,ccz,C-00475,File:NLC892-312002098744-312888 說文解字 十五卷 第1冊.pdf,42,left,-0.49,0,949,596,519,65,106,1920,517,84.66,headword,0.998,卷一下,12,0.959,approved
3D1EA,ccz,C-00476,File:NLC892-312002098744-312888 說文解字 十五卷 第1冊.pdf,42,left,-0.49,0,949,597,1315,56,106,1920,517,84.66,inline,1.0,卷一下,12,0.947,approved
3D1EB,ccz,C-00477,File:NLC892-312002098744-312888 說文解字 十五卷 第1冊.pdf,42,left,-0.49,0,949,515,521,59,104,1920,517,84.66,headword,1.0,卷一下,12,0.973,approved
3D1EC,ccz,C-00478,File:NLC892-312002098744-312888 說文解字 十五卷 第1冊.pdf,42,left,-0.49,0,949,426,521,67,108,1920,517,84.66,headword,0.99,卷一下,12,0.954,approved
3D1ED,ccz,C-00479,File:NLC892-312002098744-312888 說文解字 十五卷 第1冊.pdf,42,left,-0.49,0,949,345,523,63,101,1920,517,84.66,headword,1.0,卷一下,12,0.945,approved
3D1EE,ccz,C-00480,File:NLC892-312002098744-312888 說文解字 十五卷 第1冊.pdf,42,left,-0.49,0,949,253,517,70,107,1920,517,84.66,headword,1.0,卷一下,12,0.8,approved
3D1EF,ccz,C-00481,File:NLC892-312002098744-312888 說文解字 十五卷 第1冊.pdf,42,left,-0.49,0,949,169,521,70,101,1920,517,84.66,headword,1.0,卷一下,12,0.93,approved
3D1F0,ccz,C-00482,File:NLC892-312002098744-312888 說文解字 十五卷 第1冊.pdf,42,left,-0.49,0,949,94,522,57,102,1920,517,84.66,headword,0.999,卷一下,12,0.986,approved
3D1F1,ccz,C-00483,File:NLC892-312002098744-312888 說文解字 十五卷 第1冊.pdf,42,left,-0.49,0,949,94,1482,55,107,1920,517,84.66,inline,0.999,卷一下,12,0.98,approved
3D1F2,ccz,C-00484,File:NLC892-312002098744-312888 說文解字 十五卷 第1冊.pdf,43,right,-0.581,950,1920,702,531,64,102,1920,526,84.65,headword,1.0,卷一下,12,0.927,approved
3D1F3,ccz,C-00485,File:NLC892-312002098744-312888 說文解字 十五卷 第1冊.pdf,43,right,-0.581,950,1920,620,534,58,104,1920,526,84.65,headword,0.999,卷一下,12,0.946,approved
3D1F4,ccz,C-00486,File:NLC892-312002098744-312888 說文解字 十五卷 第1冊.pdf,43,right,-0.581,950,1920,540,530,54,105,1920,526,84.65,headword,0.999,卷一下,12,0.986,approved
3D1F5,ccz,C-00487,File:NLC892-312002098744-312888 說文解字 十五卷 第1冊.pdf,43,right,-0.581,950,1920,452,531,57,104,1920,526,84.65,headword,1.0,卷一下,12,0.95,approved
3D1F6,ccz,C-00488,File:NLC892-312002098744-312888 說文解字 十五卷 第1冊.pdf,43,right,-0.581,950,1920,374,532,51,100,1920,526,84.65,headword,1.0,卷一下,12,0.975,approved
3D1F7,ccz,C-00489,File:NLC892-312002098744-312888 說文解字 十五卷 第1冊.pdf,43,right,-0.581,950,1920,287,530,53,102,1920,526,84.65,headword,1.0,卷一下,12,0.968,approved
3D1F8,ccz,C-00490,File:NLC892-312002098744-312888 說文解字 十五卷 第1冊.pdf,43,right,-0.581,950,1920,202,530,51,101,1920,526,84.65,headword,1.0,卷一下,12,0.952,approved
3D1F9,ccz,C-00491,File:NLC892-312002098744-312888 說文解字 十五卷 第1冊.pdf,43,right,-0.581,950,1920,116,530,59,102,1920,526,84.65,headword,1.0,卷一下,12,0.928,approved
3D1FA,ccz,C-00492,File:NLC892-312002098744-312888 說文解字 十五卷 第1冊.pdf,43,left,-0.253,0,950,858,525,73,104,1920,523,84.64,headword,0.998,卷一下,12,0.823,approved
3D1FB,ccz,C-00493,File:NLC892-312002098744-312888 說文解字 十五卷 第1冊.pdf,43,left,-0.253,0,950,772,528,56,96,1920,523,84.64,headword,0.997,卷一下,12,0.955,approved
3D1FC,ccz,C-00494,File:NLC892-312002098744-312888 說文解字 十五卷 第1冊.pdf,43,left,-0.253,0,950,693,527,53,100,1920,523,84.64,headword,1.0,卷一下,12,0.943,approved
3D1FD,ccz,C-00495,File:NLC892-312002098744-312888 說文解字 十五卷 第1冊.pdf,43,left,-0.253,0,950,603,526,60,101,1920,523,84.64,headword,1.0,卷一下,12,0.973,approved
3D1FE,ccz,C-00496,File:NLC892-312002098744-312888 說文解字 十五卷 第1冊.pdf,43,left,-0.253,0,950,516,526,62,100,1920,523,84.64,headword,1.0,卷一下,12,0.96,approved
3D1FF,ccz,C-00497,File:NLC892-312002098744-312888 說文解字 十五卷 第1冊.pdf,43,left,-0.253,0,950,437,525,57,107,1920,523,84.64,headword,1.0,卷一下,12,0.98,approved
3D200,ccz,C-00498,File:NLC892-312002098744-312888 說文解字 十五卷 第1冊.pdf,43,left,-0.253,0,950,350,525,56,104,1920,523,84.64,headword,1.0,卷一下,12,0.957,approved
3D201,ccz,C-00499,File:NLC892-312002098744-312888 說文解字 十五卷 第1冊.pdf,43,left,-0.253,0,950,185,528,52,101,1920,523,84.64,headword,1.0,卷一下,12,0.977,approved
3D202,ccz,C-00500,File:NLC892-312002098744-312888 說文解字 十五卷 第1冊.pdf,43,left,-0.253,0,950,189,1113,63,102,1920,523,84.64,inline,0.999,卷一下,12,0.793,approved
3D203,ccz,C-00501,File:NLC892-312002098744-312888 說文解字 十五卷 第1冊.pdf,43,left,-0.253,0,950,101,527,57,100,1920,523,84.64,headword,1.0,卷一下,12,0.948,approved
3D204,ccz,C-00502,File:NLC892-312002098744-312888 說文解字 十五卷 第1冊.pdf,44,right,0.061,949,1920,790,541,53,101,1920,535,84.33,headword,0.999,卷一下,12,0.932,approved
3D205,ccz,C-00503,File:NLC892-312002098744-312888 說文解字 十五卷 第1冊.pdf,44,right,0.061,949,1920,705,543,55,97,1920,535,84.33,headword,1.0,卷一下,12,0.935,approved
3D206,ccz,C-00504,File:NLC892-312002098744-312888 說文解字 十五卷 第1冊.pdf,44,right,0.061,949,1920,624,539,51,104,1920,535,84.33,headword,1.0,卷一下,12,0.969,approved
3D207,ccz,C-00505,File:NLC892-312002098744-312888 說文解字 十五卷 第1冊.pdf,44,right,0.061,949,1920,537,539,56,104,1920,535,84.33,headword,1.0,卷一下,12,0.969,approved
3D208,ccz,C-00506,File:NLC892-312002098744-312888 說文解字 十五卷 第1冊.pdf,44,right,0.061,949,1920,452,538,58,103,1920,535,84.33,headword,0.998,卷一下,12,0.95,approved
3D209,ccz,C-00507,File:NLC892-312002098744-312888 說文解字 十五卷 第1冊.pdf,44,right,0.061,949,1920,372,535,67,107,1920,535,84.33,headword,0.989,卷一下,12,0.896,approved
3D20A,ccz,C-00508,File:NLC892-312002098744-312888 說文解字 十五卷 第1冊.pdf,44,right,0.061,949,1920,282,538,58,108,1920,535,84.33,headword,0.999,卷一下,12,0.933,approved
3D20B,ccz,C-00509,File:NLC892-312002098744-312888 說文解字 十五卷 第1冊.pdf,44,right,0.061,949,1920,201,536,70,108,1920,535,84.33,headword,0.998,卷一下,12,0.693,approved
3D20C,ccz,C-00510,File:NLC892-312002098744-312888 說文解字 十五卷 第1冊.pdf,44,right,0.061,949,1920,117,542,49,99,1920,535,84.33,headword,1.0,卷一下,12,0.971,approved
3D20D,ccz,C-00511,File:NLC892-312002098744-312888 說文解字 十五卷 第1冊.pdf,44,right,0.061,949,1920,29,540,62,105,1920,535,84.33,headword,0.999,卷一下,12,0.95,approved
3D20E,ccz,C-00512,File:NLC892-312002098744-312888 說文解字 十五卷 第1冊.pdf,44,left,0.138,0,949,854,541,63,102,1920,541,83.56,headword,0.999,卷一下,12,0.895,approved
3D20F,ccz,C-00513,File:NLC892-312002098744-312888 說文解字 十五卷 第1冊.pdf,44,left,0.138,0,949,772,544,69,98,1920,541,83.56,headword,0.999,卷一下,12,0.849,approved
3D210,ccz,C-00514,File:NLC892-312002098744-312888 說文解字 十五卷 第1冊.pdf,44,left,0.138,0,949,684,541,74,102,1920,541,83.56,headword,0.997,卷一下,12,0.693,approved
3D214,ccz,C-00518,File:NLC892-312002098744-312888 說文解字 十五卷 第1冊.pdf,44,left,0.138,0,949,352,545,56,100,1920,541,83.56,headword,1.0,卷一下,12,0.982,approved
3D215,ccz,C-00519,File:NLC892-312002098744-312888 說文解字 十五卷 第1冊.pdf,44,left,0.138,0,949,270,547,51,89,1920,541,83.56,headword,1.0,卷一下,12,0.967,approved
3D216,ccz,C-00520,File:NLC892-312002098744-312888 說文解字 十五卷 第1冊.pdf,44,left,0.138,0,949,179,547,67,99,1920,541,83.56,headword,1.0,卷一下,12,0.942,approved
3D217,ccz,C-00521,File:NLC892-312002098744-312888 說文解字 十五卷 第1冊.pdf,44,left,0.138,0,949,99,544,48,103,1920,541,83.56,headword,1.0,卷一下,12,0.959,approved
3D218,ccz,C-00522,File:NLC892-312002098744-312888 說文解字 十五卷 第1冊.pdf,45,right,0.569,951,1920,786,538,74,102,1920,532,84.17,headword,0.999,卷一下,12,0.814,approved
3D219,ccz,C-00523,File:NLC892-312002098744-312888 說文解字 十五卷 第1冊.pdf,45,right,0.569,951,1920,704,532,71,106,1920,532,84.17,headword,0.991,卷一下,12,0.832,approved
3D21A,ccz,C-00524,File:NLC892-312002098744-312888 說文解字 十五卷 第1冊.pdf,45,right,0.569,951,1920,620,537,70,101,1920,532,84.17,headword,0.996,卷一下,12,0.726,approved
3D21B,ccz,C-00525,File:NLC892-312002098744-312888 說文解字 十五卷 第1冊.pdf,45,right,0.569,951,1920,619,1121,56,105,1920,532,84.17,inline,0.994,卷一下,12,0.95,approved
3D21D,ccz,C-00526,File:NLC892-312002098744-312888 說文解字 十五卷 第1冊.pdf,45,right,0.569,951,1920,539,532,69,106,1920,532,84.17,headword,0.99,卷一下,12,0.676,approved
3D21E,ccz,C-00527,File:NLC892-312002098744-312888 說文解字 十五卷 第1冊.pdf,45,right,0.569,951,1920,456,534,68,107,1920,532,84.17,headword,0.995,卷一下,12,0.799,approved
3D21F,ccz,C-00528,File:NLC892-312002098744-312888 說文解字 十五卷 第1冊.pdf,45,right,0.569,951,1920,371,532,68,105,1920,532,84.17,headword,0.983,卷一下,12,0.815,approved
3D220,ccz,C-00529,File:NLC892-312002098744-312888 說文解字 十五卷 第1冊.pdf,45,right,0.569,951,1920,285,532,70,106,1920,532,84.17,headword,0.977,卷一下,12,0.623,approved
3D221,ccz,C-00530,File:NLC892-312002098744-312888 說文解字 十五卷 第1冊.pdf,45,right,0.569,951,1920,196,532,74,106,1920,532,84.17,headword,0.998,卷一下,12,0.746,approved
3D222,ccz,C-00531,File:NLC892-312002098744-312888 說文解字 十五卷 第1冊.pdf,45,right,0.569,951,1920,119,536,52,102,1920,532,84.17,headword,1.0,卷一下,12,0.987,approved
3D223,ccz,C-00532,File:NLC892-312002098744-312888 說文解字 十五卷 第1冊.pdf,45,right,0.569,951,1920,33,539,68,96,1920,532,84.17,headword,0.999,卷一下,12,0.872,approved
3D224,ccz,C-00533,File:NLC892-312002098744-312888 說文解字 十五卷 第1冊.pdf,45,left,-0.593,0,951,851,520,66,102,1920,515,84.92,headword,1.0,卷一下,12,0.772,approved
3D225,ccz,C-00534,File:NLC892-312002098744-312888 說文解字 十五卷 第1冊.pdf,45,left,-0.593,0,951,768,520,69,99,1920,515,84.92,headword,1.0,卷一下,12,0.745,approved
3D226,ccz,C-00535,File:NLC892-312002098744-312888 說文解字 十五卷 第1冊.pdf,45,left,-0.593,0,951,683,518,66,108,1920,515,84.92,headword,0.999,卷一下,12,0.905,approved
3D227,ccz,C-00536,File:NLC892-312002098744-312888 說文解字 十五卷 第1冊.pdf,45,left,-0.593,0,951,597,515,69,121,1920,515,84.92,headword,0.999,卷一下,12,0.814,approved
3D228,ccz,C-00537,File:NLC892-312002098744-312888 說文解字 十五卷 第1冊.pdf,45,left,-0.593,0,951,512,515,70,107,1920,515,84.92,headword,0.997,卷一下,12,0.696,approved
3D229,ccz,C-00538,File:NLC892-312002098744-312888 說文解字 十五卷 第1冊.pdf,45,left,-0.593,0,951,430,518,64,104,1920,515,84.92,headword,1.0,卷一下,12,0.766,approved
3D22A,ccz,C-00539,File:NLC892-312002098744-312888 說文解字 十五卷 第1冊.pdf,45,left,-0.593,0,951,345,519,70,103,1920,515,84.92,headword,0.999,卷一下,12,0.701,approved
3D22B,ccz,C-00540,File:NLC892-312002098744-312888 說文解字 十五卷 第1冊.pdf,45,left,-0.593,0,951,179,515,69,107,1920,515,84.92,headword,0.999,卷一下,12,0.833,approved
3D22D,ccz,C-00542,File:NLC892-312002098744-312888 說文解字 十五卷 第1冊.pdf,46,right,0.131,948,1920,791,528,47,113,1920,526,83.71,recovered,0.0,卷一下,12,0.955,approved
3D22E,ccz,C-00543,File:NLC892-312002098744-312888 說文解字 十五卷 第1冊.pdf,46,right,0.131,948,1920,707,528,56,106,1920,526,83.71,headword,0.999,卷一下,12,0.969,approved
3D22F,ccz,C-00544,File:NLC892-312002098744-312888 說文解字 十五卷 第1冊.pdf,46,right,0.131,948,1920,628,531,48,98,1920,526,83.71,headword,1.0,卷一下,12,0.964,approved
3D230,ccz,C-00545,File:NLC892-312002098744-312888 說文解字 十五卷 第1冊.pdf,46,right,0.131,948,1920,532,530,62,104,1920,526,83.71,headword,0.999,卷一下,12,0.967,approved
3D231,ccz,C-00546,File:NLC892-312002098744-312888 說文解字 十五卷 第1冊.pdf,46,right,0.131,948,1920,448,526,63,104,1920,526,83.71,headword,0.999,卷一下,12,0.894,approved
3D232,ccz,C-00547,File:NLC892-312002098744-312888 說文解字 十五卷 第1冊.pdf,46,right,0.131,948,1920,371,529,59,107,1920,526,83.71,headword,0.998,卷一下,12,0.977,approved
3D233,ccz,C-00548,File:NLC892-312002098744-312888 說文解字 十五卷 第1冊.pdf,46,right,0.131,948,1920,287,530,51,105,1920,526,83.71,headword,1.0,卷一下,12,0.989,approved
3D234,ccz,C-00549,File:NLC892-312002098744-312888 說文解字 十五卷 第1冊.pdf,46,right,0.131,948,1920,204,531,50,102,1920,526,83.71,headword,0.999,卷一下,12,0.986,approved
3D235,ccz,C-00550,File:NLC892-312002098744-312888 說文解字 十五卷 第1冊.pdf,46,right,0.131,948,1920,120,532,49,101,1920,526,83.71,headword,0.999,卷一下,12,0.955,approved
3D236,ccz,C-00551,File:NLC892-312002098744-312888 說文解字 十五卷 第1冊.pdf,46,right,0.131,948,1920,36,530,49,104,1920,526,83.71,headword,1.0,卷一下,12,0.963,approved
3D237,ccz,C-00552,File:NLC892-312002098744-312888 說文解字 十五卷 第1冊.pdf,46,left,-0.595,0,948,850,524,72,103,1920,520,84.08,headword,0.996,卷一下,12,0.675,approved
3D238,ccz,C-00553,File:NLC892-312002098744-312888 說文解字 十五卷 第1冊.pdf,46,left,-0.595,0,948,860,1118,68,96,1920,520,84.08,inline,0.871,卷一下,12,0.817,approved
3D239,ccz,C-00554,File:NLC892-312002098744-312888 說文解字 十五卷 第1冊.pdf,46,left,-0.595,0,948,780,524,52,102,1920,520,84.08,headword,1.0,卷一下,12,0.962,approved
3D23A,ccz,C-00555,File:NLC892-312002098744-312888 說文解字 十五卷 第1冊.pdf,46,left,-0.595,0,948,681,523,61,103,1920,520,84.08,headword,0.999,卷一下,12,0.651,approved
3D23B,ccz,C-00556,File:NLC892-312002098744-312888 說文解字 十五卷 第1冊.pdf,46,left,-0.595,0,948,607,523,55,105,1920,520,84.08,headword,0.998,卷一下,12,0.969,approved
3D23C,ccz,C-00557,File:NLC892-312002098744-312888 說文解字 十五卷 第1冊.pdf,46,left,-0.595,0,948,526,524,51,102,1920,520,84.08,headword,0.999,卷一下,12,0.989,approved
3D23D,ccz,C-00558,File:NLC892-312002098744-312888 說文解字 十五卷 第1冊.pdf,46,left,-0.595,0,948,441,523,50,95,1920,520,84.08,headword,0.998,卷一下,12,0.987,approved
3D23E,ccz,C-00559,File:NLC892-312002098744-312888 說文解字 十五卷 第1冊.pdf,46,left,-0.595,0,948,343,522,67,105,1920,520,84.08,headword,1.0,卷一下,12,0.916,approved
3D23F,ccz,C-00560,File:NLC892-312002098744-312888 說文解字 十五卷 第1冊.pdf,46,left,-0.595,0,948,273,522,54,106,1920,520,84.08,headword,0.998,卷一下,12,0.986,approved
3D240,ccz,C-00561,File:NLC892-312002098744-312888 說文解字 十五卷 第1冊.pdf,46,left,-0.595,0,948,184,522,58,102,1920,520,84.08,headword,0.996,卷一下,12,0.976,approved
3D241,ccz,C-00562,File:NLC892-312002098744-312888 說文解字 十五卷 第1冊.pdf,46,left,-0.595,0,948,103,523,55,101,1920,520,84.08,headword,0.997,卷一下,12,0.954,approved
3D242,ccz,C-00563,File:NLC892-312002098744-312888 說文解字 十五卷 第1冊.pdf,47,right,0.001,948,1920,793,530,53,104,1920,525,83.91,headword,1.0,卷一下,12,0.985,approved
3D243,ccz,C-00564,File:NLC892-312002098744-312888 說文解字 十五卷 第1冊.pdf,47,right,0.001,948,1920,704,525,64,106,1920,525,83.91,headword,0.998,卷一下,12,0.936,approved
3D244,ccz,C-00565,File:NLC892-312002098744-312888 說文解字 十五卷 第1冊.pdf,47,right,0.001,948,1920,619,529,62,103,1920,525,83.91,headword,0.999,卷一下,12,0.98,approved
3D245,ccz,C-00566,File:NLC892-312002098744-312888 說文解字 十五卷 第1冊.pdf,47,right,0.001,948,1920,544,529,49,101,1920,525,83.91,headword,0.999,卷一下,12,0.975,approved
3D246,ccz,C-00567,File:NLC892-312002098744-312888 說文解字 十五卷 第1冊.pdf,47,right,0.001,948,1920,456,529,54,100,1920,525,83.91,headword,1.0,卷一下,12,0.981,approved
3D247,ccz,C-00568,File:NLC892-312002098744-312888 說文解字 十五卷 第1冊.pdf,47,right,0.001,948,1920,370,528,57,99,1920,525,83.91,inline,0.995,卷一下,12,0.945,approved
3D248,ccz,C-00569,File:NLC892-312002098744-312888 說文解字 十五卷 第1冊.pdf,47,right,0.001,948,1920,290,525,50,109,1920,525,83.91,headword,0.999,卷一下,12,0.972,approved
3D249,ccz,C-00570,File:NLC892-312002098744-312888 說文解字 十五卷 第1冊.pdf,47,right,0.001,948,1920,202,528,55,108,1920,525,83.91,headword,0.999,卷一下,12,0.948,approved
3D24A,ccz,C-00571,File:NLC892-312002098744-312888 說文解字 十五卷 第1冊.pdf,47,right,0.001,948,1920,114,527,63,104,1920,525,83.91,headword,0.999,卷一下,12,0.956,approved
3D24B,ccz,C-00572,File:NLC892-312002098744-312888 說文解字 十五卷 第1冊.pdf,47,right,0.001,948,1920,33,529,57,102,1920,525,83.91,headword,1.0,卷一下,12,0.957,approved
3D24C,ccz,C-00573,File:NLC892-312002098744-312888 說文解字 十五卷 第1冊.pdf,47,left,-0.057,0,948,871,515,55,104,1920,512,84.18,headword,0.999,卷一下,12,0.96,approved
3D24D,ccz,C-00574,File:NLC892-312002098744-312888 說文解字 十五卷 第1冊.pdf,47,left,-0.057,0,948,772,512,65,107,1920,512,84.18,headword,0.998,卷一下,12,0.927,approved
3D24E,ccz,C-00575,File:NLC892-312002098744-312888 說文解字 十五卷 第1冊.pdf,47,left,-0.057,0,948,701,517,52,103,1920,512,84.18,headword,1.0,卷一下,12,0.979,approved
3D24F,ccz,C-00576,File:NLC892-312002098744-312888 說文解字 十五卷 第1冊.pdf,47,left,-0.057,0,948,616,516,55,103,1920,512,84.18,headword,0.999,卷一下,12,0.969,approved
3D250,ccz,C-00577,File:NLC892-312002098744-312888 說文解字 十五卷 第1冊.pdf,47,left,-0.057,0,948,529,517,52,102,1920,512,84.18,headword,0.999,卷一下,12,0.986,approved
3D251,ccz,C-00578,File:NLC892-312002098744-312888 說文解字 十五卷 第1冊.pdf,47,left,-0.057,0,948,442,512,57,108,1920,512,84.18,headword,0.999,卷一下,12,0.941,approved
3D252,ccz,C-00579,File:NLC892-312002098744-312888 說文解字 十五卷 第1冊.pdf,47,left,-0.057,0,948,358,515,59,104,1920,512,84.18,headword,0.999,卷一下,12,0.977,approved
3D253,ccz,C-00580,File:NLC892-312002098744-312888 說文解字 十五卷 第1冊.pdf,47,left,-0.057,0,948,264,512,66,108,1920,512,84.18,headword,1.0,卷一下,12,0.927,approved
3D254,ccz,C-00581,File:NLC892-312002098744-312888 說文解字 十五卷 第1冊.pdf,47,left,-0.057,0,948,188,515,62,106,1920,512,84.18,headword,0.97,卷一下,12,0.985,approved
3D255,ccz,C-00582,File:NLC892-312002098744-312888 說文解字 十五卷 第1冊.pdf,47,left,-0.057,0,948,109,517,50,105,1920,512,84.18,headword,0.999,卷一下,12,0.978,approved
3D256,ccz,C-00583,File:NLC892-312002098744-312888 說文解字 十五卷 第1冊.pdf,48,right,-0.007,950,1920,705,525,64,103,1920,516,84.05,headword,0.998,卷一下,12,0.736,approved
3D257,ccz,C-00584,File:NLC892-312002098744-312888 說文解字 十五卷 第1冊.pdf,48,right,-0.007,950,1920,622,520,70,106,1920,516,84.05,headword,1.0,卷一下,12,0.84,approved
3D258,ccz,C-00585,File:NLC892-312002098744-312888 說文解字 十五卷 第1冊.pdf,48,right,-0.007,950,1920,537,516,74,106,1920,516,84.05,headword,0.997,卷一下,12,0.873,approved
3D259,ccz,C-00586,File:NLC892-312002098744-312888 說文解字 十五卷 第1冊.pdf,48,right,-0.007,950,1920,453,516,67,111,1920,516,84.05,headword,0.998,卷一下,12,0.859,approved
3D25A,ccz,C-00587,File:NLC892-312002098744-312888 說文解字 十五卷 第1冊.pdf,48,right,-0.007,950,1920,368,516,72,107,1920,516,84.05,headword,0.966,卷一下,12,0.87,approved
3D25B,ccz,C-00588,File:NLC892-312002098744-312888 說文解字 十五卷 第1冊.pdf,48,right,-0.007,950,1920,294,520,61,104,1920,516,84.05,headword,0.998,卷一下,12,0.971,approved
3D25C,ccz,C-00589,File:NLC892-312002098744-312888 說文解字 十五卷 第1冊.pdf,48,right,-0.007,950,1920,198,516,69,108,1920,516,84.05,headword,0.992,卷一下,12,0.877,approved
3D25D,ccz,C-00590,File:NLC892-312002098744-312888 說文解字 十五卷 第1冊.pdf,48,right,-0.007,950,1920,122,520,60,97,1920,516,84.05,headword,1.0,卷一下,12,0.943,approved
3D25E,ccz,C-00591,File:NLC892-312002098744-312888 說文解字 十五卷 第1冊.pdf,48,right,-0.007,950,1920,42,525,56,87,1920,516,84.05,headword,0.998,卷一下,12,0.934,approved
3D25F,ccz,C-00592,File:NLC892-312002098744-312888 說文解字 十五卷 第1冊.pdf,48,left,-0.25,0,950,859,513,60,102,1920,508,84.94,headword,0.998,卷一下,12,0.938,approved
3D260,ccz,C-00593,File:NLC892-312002098744-312888 說文解字 十五卷 第1冊.pdf,48,left,-0.25,0,950,763,510,68,106,1920,508,84.94,headword,1.0,卷一下,12,0.901,approved
3D261,ccz,C-00594,File:NLC892-312002098744-312888 說文解字 十五卷 第1冊.pdf,48,left,-0.25,0,950,691,511,54,106,1920,508,84.94,headword,1.0,卷一下,12,0.975,approved
3D262,ccz,C-00595,File:NLC892-312002098744-312888 說文解字 十五卷 第1冊.pdf,48,left,-0.25,0,950,592,513,66,104,1920,508,84.94,headword,0.999,卷一下,12,0.768,approved
3D263,ccz,C-00596,File:NLC892-312002098744-312888 說文解字 十五卷 第1冊.pdf,48,left,-0.25,0,950,508,513,71,102,1920,508,84.94,headword,1.0,卷一下,12,0.73,approved
3D264,ccz,C-00597,File:NLC892-312002098744-312888 說文解字 十五卷 第1冊.pdf,48,left,-0.25,0,950,437,510,50,105,1920,508,84.94,headword,1.0,卷一下,12,0.969,approved
3D265,ccz,C-00598,File:NLC892-312002098744-312888 說文解字 十五卷 第1冊.pdf,48,left,-0.25,0,950,353,511,53,100,1920,508,84.94,headword,0.999,卷一下,12,0.961,approved
3D266,ccz,C-00599,File:NLC892-312002098744-312888 說文解字 十五卷 第1冊.pdf,48,left,-0.25,0,950,255,512,74,104,1920,508,84.94,headword,0.992,卷一下,12,0.789,approved
3D267,ccz,C-00600,File:NLC892-312002098744-312888 說文解字 十五卷 第1冊.pdf,48,left,-0.25,0,950,170,508,72,104,1920,508,84.94,headword,0.999,卷一下,12,0.802,approved
3D268,ccz,C-00601,File:NLC892-312002098744-312888 說文解字 十五卷 第1冊.pdf,48,left,-0.25,0,950,85,508,73,104,1920,508,84.94,headword,1.0,卷一下,12,0.722,approved
3D269,ccz,C-00602,File:NLC892-312002098744-312888 說文解字 十五卷 第1冊.pdf,49,right,0.941,949,1920,797,509,69,102,1920,509,84.53,headword,0.985,卷一下,12,0.874,approved
3D26D,ccz,C-00606,File:NLC892-312002098744-312888 說文解字 十五卷 第1冊.pdf,49,right,0.941,949,1920,459,509,68,108,1920,509,84.53,headword,0.989,卷一下,12,0.827,approved
3D26F,ccz,C-00608,File:NLC892-312002098744-312888 說文解字 十五卷 第1冊.pdf,49,right,0.941,949,1920,285,514,74,105,1920,509,84.53,headword,0.993,卷一下,12,0.793,approved
3D270,ccz,C-00609,File:NLC892-312002098744-312888 說文解字 十五卷 第1冊.pdf,49,right,0.941,949,1920,203,514,71,103,1920,509,84.53,headword,0.965,卷一下,12,0.641,approved
3D271,ccz,C-00610,File:NLC892-312002098744-312888 說文解字 十五卷 第1冊.pdf,49,right,0.941,949,1920,120,524,54,86,1920,509,84.53,headword,1.0,卷一下,12,0.725,approved
3D272,ccz,C-00611,File:NLC892-312002098744-312888 說文解字 十五卷 第1冊.pdf,49,right,0.941,949,1920,32,517,73,100,1920,509,84.53,headword,0.999,卷一下,12,0.651,approved
3D273,ccz,C-00612,File:NLC892-312002098744-312888 說文解字 十五卷 第1冊.pdf,49,left,-0.147,0,949,852,509,66,103,1920,507,84.06,headword,0.999,卷一下,12,0.544,approved
3D274,ccz,C-00613,File:NLC892-312002098744-312888 說文解字 十五卷 第1冊.pdf,49,left,-0.147,0,949,767,511,66,104,1920,507,84.06,headword,0.996,卷一下,12,0.849,approved
3D275,ccz,C-00614,File:NLC892-312002098744-312888 說文解字 十五卷 第1冊.pdf,49,left,-0.147,0,949,682,509,70,105,1920,507,84.06,headword,0.998,卷一下,12,0.573,approved
3D276,ccz,C-00615,File:NLC892-312002098744-312888 說文解字 十五卷 第1冊.pdf,49,left,-0.147,0,949,595,511,71,103,1920,507,84.06,headword,0.998,卷一下,12,0.837,approved
3D27B,ccz,C-00620,File:NLC892-312002098744-312888 說文解字 十五卷 第1冊.pdf,49,left,-0.147,0,949,91,507,68,107,1920,507,84.06,headword,0.996,卷一下,12,0.72,approved
3D27C,ccz,C-00621,File:NLC892-312002098744-312888 說文解字 十五卷 第1冊.pdf,50,right,-0.043,946,1920,803,506,53,103,1920,501,83.97,headword,1.0,卷一下,12,0.979,approved
3D27D,ccz,C-00622,File:NLC892-312002098744-312888 說文解字 十五卷 第1冊.pdf,50,right,-0.043,946,1920,717,506,56,105,1920,501,83.97,headword,0.998,卷一下,12,0.954,approved
3D27E,ccz,C-00623,File:NLC892-312002098744-312888 說文解字 十五卷 第1冊.pdf,50,right,-0.043,946,1920,638,506,49,102,1920,501,83.97,headword,0.998,卷一下,12,0.988,approved
3D27F,ccz,C-00624,File:NLC892-312002098744-312888 說文解字 十五卷 第1冊.pdf,50,right,-0.043,946,1920,552,505,50,101,1920,501,83.97,headword,1.0,卷一下,12,0.983,approved
3D280,ccz,C-00625,File:NLC892-312002098744-312888 說文解字 十五卷 第1冊.pdf,50,right,-0.043,946,1920,467,505,50,101,1920,501,83.97,headword,1.0,卷一下,12,0.986,approved
3D281,ccz,C-00626,File:NLC892-312002098744-312888 說文解字 十五卷 第1冊.pdf,50,right,-0.043,946,1920,373,501,70,108,1920,501,83.97,headword,1.0,卷一下,12,0.909,approved
3D282,ccz,C-00627,File:NLC892-312002098744-312888 說文解字 十五卷 第1冊.pdf,50,right,-0.043,946,1920,294,506,55,102,1920,501,83.97,headword,1.0,卷一下,12,0.968,approved
3D283,ccz,C-00628,File:NLC892-312002098744-312888 說文解字 十五卷 第1冊.pdf,50,right,-0.043,946,1920,203,505,61,103,1920,501,83.97,headword,0.999,卷一下,12,0.977,approved
3D284,ccz,C-00629,File:NLC892-312002098744-312888 說文解字 十五卷 第1冊.pdf,50,left,0.03,0,946,851,518,51,97,1920,514,84.12,headword,0.999,卷一下,12,0.988,approved
3D285,ccz,C-00630,File:NLC892-312002098744-312888 說文解字 十五卷 第1冊.pdf,50,left,0.03,0,946,772,1218,41,93,1920,514,84.12,inline,0.999,卷一下,12,0.986,approved
3D286,ccz,C-00631,File:NLC892-312002098744-312888 說文解字 十五卷 第1冊.pdf,50,left,0.03,0,946,676,514,69,103,1920,514,84.12,headword,1.0,卷一下,12,0.821,approved
3D287,ccz,C-00632,File:NLC892-312002098744-312888 說文解字 十五卷 第1冊.pdf,50,left,0.03,0,946,592,517,63,101,1920,514,84.12,headword,0.98,卷一下,12,0.946,approved
3D288,ccz,C-00633,File:NLC892-312002098744-312888 說文解字 十五卷 第1冊.pdf,50,left,0.03,0,946,510,514,52,106,1920,514,84.12,headword,1.0,卷一下,12,0.949,approved
3D289,ccz,C-00634,File:NLC892-312002098744-312888 說文解字 十五卷 第1冊.pdf,50,left,0.03,0,946,423,516,58,104,1920,514,84.12,headword,0.999,卷一下,12,0.944,approved
3D28A,ccz,C-00635,File:NLC892-312002098744-312888 說文解字 十五卷 第1冊.pdf,50,left,0.03,0,946,340,517,57,102,1920,514,84.12,headword,1.0,卷一下,12,0.964,approved
3D28B,ccz,C-00636,File:NLC892-312002098744-312888 說文解字 十五卷 第1冊.pdf,50,left,0.03,0,946,340,1537,58,107,1920,514,84.12,inline,1.0,卷一下,12,0.977,approved
3D28C,ccz,C-00637,File:NLC892-312002098744-312888 說文解字 十五卷 第1冊.pdf,50,left,0.03,0,946,173,516,49,103,1920,514,84.12,headword,1.0,卷一下,12,0.979,approved
3D28D,ccz,C-00638,File:NLC892-312002098744-312888 說文解字 十五卷 第1冊.pdf,50,left,0.03,0,946,91,519,53,98,1920,514,84.12,headword,0.999,卷一下,12,0.962,approved
3D28E,ccz,C-00639,File:NLC892-312002098744-312888 說文解字 十五卷 第1冊.pdf,51,right,0.361,944,1920,790,526,75,101,1920,520,85.03,headword,0.998,卷一下,12,0.77,approved
3D28F,ccz,C-00640,File:NLC892-312002098744-312888 說文解字 十五卷 第1冊.pdf,51,right,0.361,944,1920,709,527,70,99,1920,520,85.03,headword,0.985,卷一下,12,0.76,approved
3D290,ccz,C-00641,File:NLC892-312002098744-312888 說文解字 十五卷 第1冊.pdf,51,right,0.361,944,1920,623,524,70,106,1920,520,85.03,headword,0.996,卷一下,12,0.791,approved
3D291,ccz,C-00642,File:NLC892-312002098744-312888 說文解字 十五卷 第1冊.pdf,51,right,0.361,944,1920,540,522,69,107,1920,520,85.03,headword,0.998,卷一下,12,0.856,approved
3D292,ccz,C-00643,File:NLC892-312002098744-312888 說文解字 十五卷 第1冊.pdf,51,right,0.361,944,1920,456,524,68,103,1920,520,85.03,headword,0.995,卷一下,12,0.681,approved
3D293,ccz,C-00644,File:NLC892-312002098744-312888 說文解字 十五卷 第1冊.pdf,51,right,0.361,944,1920,281,523,75,103,1920,520,85.03,headword,0.999,卷一下,12,0.79,approved
3D294,ccz,C-00645,File:NLC892-312002098744-312888 說文解字 十五卷 第1冊.pdf,51,right,0.361,944,1920,200,522,69,107,1920,520,85.03,headword,0.994,卷一下,12,0.75,approved
3D295,ccz,C-00646,File:NLC892-312002098744-312888 說文解字 十五卷 第1冊.pdf,51,right,0.361,944,1920,115,522,69,104,1920,520,85.03,headword,1.0,卷一下,12,0.852,approved
3D296,ccz,C-00647,File:NLC892-312002098744-312888 說文解字 十五卷 第1冊.pdf,51,right,0.361,944,1920,19,525,70,104,1920,520,85.03,headword,1.0,卷一下,12,0.743,approved
3D297,ccz,C-00648,File:NLC892-312002098744-312888 說文解字 十五卷 第1冊.pdf,51,left,-0.277,0,944,860,508,64,99,1920,502,85.46,headword,0.999,卷一下,12,0.944,approved
3D298,ccz,C-00649,File:NLC892-312002098744-312888 說文解字 十五卷 第1冊.pdf,51,left,-0.277,0,944,761,507,71,103,1920,502,85.46,headword,1.0,卷一下,12,0.679,approved
3D299,ccz,C-00650,File:NLC892-312002098744-312888 說文解字 十五卷 第1冊.pdf,51,left,-0.277,0,944,590,507,66,108,1920,502,85.46,headword,0.992,卷一下,12,0.921,approved
3D29B,ccz,C-00652,File:NLC892-312002098744-312888 說文解字 十五卷 第1冊.pdf,51,left,-0.277,0,944,421,508,69,102,1920,502,85.46,headword,0.999,卷一下,12,0.751,approved
3D29C,ccz,C-00653,File:NLC892-312002098744-312888 說文解字 十五卷 第1冊.pdf,51,left,-0.277,0,944,351,508,53,96,1920,502,85.46,headword,0.999,卷一下,12,0.982,approved
3D29D,ccz,C-00654,File:NLC892-312002098744-312888 說文解字 十五卷 第1冊.pdf,51,left,-0.277,0,944,263,508,61,102,1920,502,85.46,headword,0.999,卷一下,12,0.843,approved
3D29E,ccz,C-00655,File:NLC892-312002098744-312888 說文解字 十五卷 第1冊.pdf,51,left,-0.277,0,944,167,505,69,109,1920,502,85.46,headword,0.984,卷一下,12,0.835,approved
3D29F,ccz,C-00656,File:NLC892-312002098744-312888 說文解字 十五卷 第1冊.pdf,51,left,-0.277,0,944,81,504,75,106,1920,502,85.46,headword,0.996,卷一下,12,0.552,approved
3D2A0,ccz,C-00657,File:NLC892-312002098744-312888 說文解字 十五卷 第1冊.pdf,52,right,-0.117,947,1920,801,523,62,100,1920,514,84.69,headword,0.994,卷一下,12,0.971,approved
3D2A1,ccz,C-00658,File:NLC892-312002098744-312888 說文解字 十五卷 第1冊.pdf,52,right,-0.117,947,1920,799,1115,59,100,1920,514,84.69,inline,0.998,卷一下,12,0.934,approved
3D2A2,ccz,C-00659,File:NLC892-312002098744-312888 說文解字 十五卷 第1冊.pdf,52,right,-0.117,947,1920,799,1385,56,100,1920,514,84.69,inline,0.999,卷一下,12,0.95,approved
3D2A3,ccz,C-00660,File:NLC892-312002098744-312888 說文解字 十五卷 第1冊.pdf,52,right,-0.117,947,1920,704,521,67,101,1920,514,84.69,headword,0.993,卷一下,12,0.714,approved
3D2A4,ccz,C-00661,File:NLC892-312002098744-312888 說文解字 十五卷 第1冊.pdf,52,right,-0.117,947,1920,621,520,67,92,1920,514,84.69,headword,0.997,卷一下,12,0.787,approved
3D2A5,ccz,C-00662,File:NLC892-312002098744-312888 說文解字 十五卷 第1冊.pdf,52,right,-0.117,947,1920,536,514,74,107,1920,514,84.69,headword,0.982,卷一下,12,0.82,approved
3D2A7,ccz,C-00663,File:NLC892-312002098744-312888 說文解字 十五卷 第1冊.pdf,52,right,-0.117,947,1920,452,514,73,108,1920,514,84.69,headword,0.98,卷一下,12,0.813,approved
3D2A8,ccz,C-00664,File:NLC892-312002098744-312888 說文解字 十五卷 第1冊.pdf,52,right,-0.117,947,1920,454,1062,71,104,1920,514,84.69,inline,0.998,卷一下,12,0.858,approved
3D2A9,ccz,C-00665,File:NLC892-312002098744-312888 說文解字 十五卷 第1冊.pdf,52,right,-0.117,947,1920,366,514,75,108,1920,514,84.69,headword,0.996,卷一下,12,0.73,approved
3D2AA,ccz,C-00666,File:NLC892-312002098744-312888 說文解字 十五卷 第1冊.pdf,52,right,-0.117,947,1920,288,1220,61,110,1920,514,84.69,inline,0.998,卷一下,12,0.955,approved
3D2AB,ccz,C-00667,File:NLC892-312002098744-312888 說文解字 十五卷 第1冊.pdf,52,right,-0.117,947,1920,198,518,68,104,1920,514,84.69,headword,1.0,卷一下,12,0.92,approved
3D2AC,ccz,C-00668,File:NLC892-312002098744-312888 說文解字 十五卷 第1冊.pdf,52,right,-0.117,947,1920,113,514,69,107,1920,514,84.69,headword,1.0,卷一下,12,0.926,approved
3D2AD,ccz,C-00669,File:NLC892-312002098744-312888 說文解字 十五卷 第1冊.pdf,52,right,-0.117,947,1920,28,516,67,106,1920,514,84.69,headword,0.99,卷一下,12,0.739,approved
3D2AE,ccz,C-00670,File:NLC892-312002098744-312888 說文解字 十五卷 第1冊.pdf,52,left,0.126,0,947,858,523,49,105,1920,521,84.0,headword,1.0,卷一下,12,0.972,approved
3D2AF,ccz,C-00671,File:NLC892-312002098744-312888 說文解字 十五卷 第1冊.pdf,52,left,0.126,0,947,771,525,50,88,1920,521,84.0,headword,1.0,卷一下,12,0.966,approved
3D2B0,ccz,C-00672,File:NLC892-312002098744-312888 說文解字 十五卷 第1冊.pdf,52,left,0.126,0,947,594,524,62,104,1920,521,84.0,headword,1.0,卷一下,12,0.95,approved
3D2B1,ccz,C-00673,File:NLC892-312002098744-312888 說文解字 十五卷 第1冊.pdf,52,left,0.126,0,947,514,525,60,105,1920,521,84.0,headword,0.996,卷一下,12,0.942,approved
3D2B2,ccz,C-00674,File:NLC892-312002098744-312888 說文解字 十五卷 第1冊.pdf,52,left,0.126,0,947,428,524,51,108,1920,521,84.0,headword,0.998,卷一下,12,0.971,approved
3D2B3,ccz,C-00675,File:NLC892-312002098744-312888 說文解字 十五卷 第1冊.pdf,52,left,0.126,0,947,348,522,50,105,1920,521,84.0,headword,0.999,卷一下,12,0.981,approved
3D2B4,ccz,C-00676,File:NLC892-312002098744-312888 說文解字 十五卷 第1冊.pdf,52,left,0.126,0,947,260,528,63,93,1920,521,84.0,headword,1.0,卷一下,12,0.962,approved
3D2B5,ccz,C-00677,File:NLC892-312002098744-312888 說文解字 十五卷 第1冊.pdf,52,left,0.126,0,947,172,523,65,107,1920,521,84.0,headword,1.0,卷一下,12,0.946,approved
3D2B6,ccz,C-00678,File:NLC892-312002098744-312888 說文解字 十五卷 第1冊.pdf,52,left,0.126,0,947,91,525,59,105,1920,521,84.0,headword,0.999,卷一下,12,0.986,approved
3D2B7,ccz,C-00679,File:NLC892-312002098744-312888 說文解字 十五卷 第1冊.pdf,52,left,0.126,0,947,96,1128,49,96,1920,521,84.0,inline,0.83,卷一下,12,0.966,approved
3D2B8,ccz,C-00680,File:NLC892-312002098744-312888 說文解字 十五卷 第1冊.pdf,53,right,0.182,946,1920,710,527,55,108,1920,523,84.77,headword,0.995,卷一下,12,0.95,approved
3D2B9,ccz,C-00681,File:NLC892-312002098744-312888 說文解字 十五卷 第1冊.pdf,53,right,0.182,946,1920,629,529,52,93,1920,523,84.77,headword,1.0,卷一下,12,0.97,approved
3D2BA,ccz,C-00682,File:NLC892-312002098744-312888 說文解字 十五卷 第1冊.pdf,53,right,0.182,946,1920,622,1118,69,105,1920,523,84.77,inline,0.887,卷一下,12,0.918,approved
3D2BB,ccz,C-00683,File:NLC892-312002098744-312888 說文解字 十五卷 第1冊.pdf,53,right,0.182,946,1920,545,526,48,109,1920,523,84.77,headword,0.994,卷一下,12,0.99,approved
3D2BC,ccz,C-00684,File:NLC892-312002098744-312888 說文解字 十五卷 第1冊.pdf,53,right,0.182,946,1920,461,527,54,105,1920,523,84.77,headword,1.0,卷一下,12,0.978,approved
3D2BD,ccz,C-00685,File:NLC892-312002098744-312888 說文解字 十五卷 第1冊.pdf,53,right,0.182,946,1920,376,529,64,101,1920,523,84.77,headword,0.999,卷一下,12,0.945,approved
3D2BE,ccz,C-00686,File:NLC892-312002098744-312888 說文解字 十五卷 第1冊.pdf,53,right,0.182,946,1920,290,527,60,103,1920,523,84.77,headword,0.999,卷一下,12,0.981,approved
3D2BF,ccz,C-00687,File:NLC892-312002098744-312888 說文解字 十五卷 第1冊.pdf,53,right,0.182,946,1920,206,526,56,95,1920,523,84.77,headword,0.999,卷一下,12,0.981,approved
3D2C0,ccz,C-00688,File:NLC892-312002098744-312888 說文解字 十五卷 第1冊.pdf,53,right,0.182,946,1920,120,525,55,105,1920,523,84.77,headword,1.0,卷一下,12,0.965,approved
3D2C1,ccz,C-00689,File:NLC892-312002098744-312888 說文解字 十五卷 第1冊.pdf,53,right,0.182,946,1920,22,523,72,114,1920,523,84.77,headword,0.979,卷一下,12,0.673,approved
3D2C2,ccz,C-00690,File:NLC892-312002098744-312888 說文解字 十五卷 第1冊.pdf,53,left,-0.474,0,946,861,516,54,93,1920,507,84.02,headword,0.999,卷一下,12,0.935,approved
3D2C3,ccz,C-00691,File:NLC892-312002098744-312888 說文解字 十五卷 第1冊.pdf,53,left,-0.474,0,946,759,507,71,107,1920,507,84.02,headword,0.949,卷一下,12,0.894,approved
3D2C4,ccz,C-00692,File:NLC892-312002098744-312888 說文解字 十五卷 第1冊.pdf,53,left,-0.474,0,946,675,513,67,88,1920,507,84.02,headword,1.0,卷一下,12,0.548,approved
3D2C5,ccz,C-00693,File:NLC892-312002098744-312888 說文解字 十五卷 第1冊.pdf,53,left,-0.474,0,946,604,512,52,102,1920,507,84.02,headword,0.999,卷一下,12,0.968,approved
3D2C6,ccz,C-00694,File:NLC892-312002098744-312888 說文解字 十五卷 第1冊.pdf,53,left,-0.474,0,946,513,513,62,102,1920,507,84.02,headword,0.998,卷一下,12,0.92,approved
3D2C7,ccz,C-00695,File:NLC892-312002098744-312888 說文解字 十五卷 第1冊.pdf,53,left,-0.474,0,946,420,507,70,107,1920,507,84.02,headword,0.993,卷一下,12,0.755,approved
3D2C8,ccz,C-00696,File:NLC892-312002098744-312888 說文解字 十五卷 第1冊.pdf,53,left,-0.474,0,946,428,1215,57,104,1920,507,84.02,inline,0.999,卷一下,12,0.942,approved
3D2C9,ccz,C-00697,File:NLC892-312002098744-312888 說文解字 十五卷 第1冊.pdf,53,left,-0.474,0,946,337,512,64,102,1920,507,84.02,headword,1.0,卷一下,12,0.853,approved
3D2CA,ccz,C-00698,File:NLC892-312002098744-312888 說文解字 十五卷 第1冊.pdf,53,left,-0.474,0,946,267,515,54,89,1920,507,84.02,headword,1.0,卷一下,12,0.919,approved
3D2CB,ccz,C-00699,File:NLC892-312002098744-312888 說文解字 十五卷 第1冊.pdf,53,left,-0.474,0,946,168,514,76,100,1920,507,84.02,headword,0.999,卷一下,12,0.712,approved
3D2CC,ccz,C-00700,File:NLC892-312002098744-312888 說文解字 十五卷 第1冊.pdf,53,left,-0.474,0,946,98,512,57,105,1920,507,84.02,headword,0.999,卷一下,12,0.96,approved
3D2CD,ccz,C-00701,File:NLC892-312002098744-312888 說文解字 十五卷 第1冊.pdf,54,right,-0.221,947,1920,803,525,62,101,1920,519,84.99,headword,1.0,卷一下,12,0.978,approved
3D2CE,ccz,C-00702,File:NLC892-312002098744-312888 說文解字 十五卷 第1冊.pdf,54,right,-0.221,947,1920,797,1228,63,106,1920,519,84.99,inline,0.97,卷一下,12,0.983,approved
3D2CF,ccz,C-00703,File:NLC892-312002098744-312888 說文解字 十五卷 第1冊.pdf,54,right,-0.221,947,1920,712,907,64,101,1920,519,84.99,inline,1.0,卷一下,12,0.902,approved
3D2D0,ccz,C-00704,File:NLC892-312002098744-312888 說文解字 十五卷 第1冊.pdf,54,right,-0.221,947,1920,634,525,61,103,1920,519,84.99,headword,1.0,卷一下,12,0.941,approved
3D2D1,ccz,C-00705,File:NLC892-312002098744-312888 說文解字 十五卷 第1冊.pdf,54,right,-0.221,947,1920,553,526,52,100,1920,519,84.99,headword,1.0,卷一下,12,0.963,approved
3D2D2,ccz,C-00706,File:NLC892-312002098744-312888 說文解字 十五卷 第1冊.pdf,54,right,-0.221,947,1920,452,519,76,107,1920,519,84.99,headword,0.997,卷一下,12,0.658,approved
3D2D3,ccz,C-00707,File:NLC892-312002098744-312888 說文解字 十五卷 第1冊.pdf,54,right,-0.221,947,1920,297,524,54,102,1920,519,84.99,headword,0.997,卷一下,12,0.957,approved
3D2D4,ccz,C-00708,File:NLC892-312002098744-312888 說文解字 十五卷 第1冊.pdf,54,right,-0.221,947,1920,200,519,68,107,1920,519,84.99,headword,0.999,卷一下,12,0.847,approved
3D2D5,ccz,C-00709,File:NLC892-312002098744-312888 說文解字 十五卷 第1冊.pdf,54,right,-0.221,947,1920,113,519,69,107,1920,519,84.99,headword,0.922,卷一下,12,0.721,approved
3D2D6,ccz,C-00710,File:NLC892-312002098744-312888 說文解字 十五卷 第1冊.pdf,54,right,-0.221,947,1920,28,519,71,103,1920,519,84.99,headword,0.998,卷一下,12,0.735,approved
3D2D7,ccz,C-00711,File:NLC892-312002098744-312888 說文解字 十五卷 第1冊.pdf,54,left,-0.252,0,947,846,511,66,111,1920,507,85.0,headword,0.997,卷一下,12,0.818,approved
3D2D8,ccz,C-00712,File:NLC892-312002098744-312888 說文解字 十五卷 第1冊.pdf,54,left,-0.252,0,947,762,509,71,105,1920,507,85.0,headword,0.999,卷一下,12,0.791,approved
3D2D9,ccz,C-00713,File:NLC892-312002098744-312888 說文解字 十五卷 第1冊.pdf,54,left,-0.252,0,947,677,507,72,108,1920,507,85.0,headword,0.999,卷一下,12,0.723,approved
3D2DC,ccz,C-00716,File:NLC892-312002098744-312888 說文解字 十五卷 第1冊.pdf,54,left,-0.252,0,947,422,507,67,108,1920,507,85.0,manual,1.0,卷一下,12,0.576,approved
3D2DD,ccz,C-00717,File:NLC892-312002098744-312888 說文解字 十五卷 第1冊.pdf,54,left,-0.252,0,947,338,509,70,98,1920,507,85.0,headword,0.999,卷一下,12,0.79,approved
3D2DE,ccz,C-00718,File:NLC892-312002098744-312888 說文解字 十五卷 第1冊.pdf,54,left,-0.252,0,947,252,507,71,106,1920,507,85.0,headword,0.632,卷一下,12,0.653,approved
3D2DF,ccz,C-00719,File:NLC892-312002098744-312888 說文解字 十五卷 第1冊.pdf,54,left,-0.252,0,947,169,507,69,108,1920,507,85.0,headword,0.997,卷一下,12,0.863,approved
3D2E0,ccz,C-00720,File:NLC892-312002098744-312888 說文解字 十五卷 第1冊.pdf,54,left,-0.252,0,947,83,507,69,108,1920,507,85.0,headword,0.996,卷一下,12,0.702,approved
3D2E1,ccz,C-00721,File:NLC892-312002098744-312888 說文解字 十五卷 第1冊.pdf,55,right,0.53,945,1920,809,516,52,99,1920,510,85.55,headword,1.0,卷一下,12,0.955,approved
3D2E2,ccz,C-00722,File:NLC892-312002098744-312888 說文解字 十五卷 第1冊.pdf,55,right,0.53,945,1920,724,512,51,101,1920,510,85.55,headword,1.0,卷一下,12,0.978,approved
3D2E3,ccz,C-00723,File:NLC892-312002098744-312888 說文解字 十五卷 第1冊.pdf,55,right,0.53,945,1920,639,512,53,107,1920,510,85.55,headword,0.999,卷一下,12,0.93,approved
3D2E4,ccz,C-00724,File:NLC892-312002098744-312888 說文解字 十五卷 第1冊.pdf,55,right,0.53,945,1920,550,513,59,100,1920,510,85.55,headword,1.0,卷一下,12,0.959,approved
3D2E5,ccz,C-00725,File:NLC892-312002098744-312888 說文解字 十五卷 第1冊.pdf,55,right,0.53,945,1920,469,513,58,105,1920,510,85.55,headword,1.0,卷一下,12,0.944,approved
3D2E6,ccz,C-00726,File:NLC892-312002098744-312888 說文解字 十五卷 第1冊.pdf,55,right,0.53,945,1920,468,1546,60,105,1920,510,85.55,inline,0.999,卷一下,12,0.921,approved
3D2E7,ccz,C-00727,File:NLC892-312002098744-312888 說文解字 十五卷 第1冊.pdf,55,right,0.53,945,1920,301,513,55,108,1920,510,85.55,headword,0.998,卷一下,12,0.954,approved
3D2E8,ccz,C-00728,File:NLC892-312002098744-312888 說文解字 十五卷 第1冊.pdf,55,right,0.53,945,1920,215,512,53,102,1920,510,85.55,headword,0.999,卷一下,12,0.945,approved
3D2E9,ccz,C-00729,File:NLC892-312002098744-312888 說文解字 十五卷 第1冊.pdf,55,right,0.53,945,1920,127,517,55,100,1920,510,85.55,headword,0.997,卷一下,12,0.958,approved
3D2EA,ccz,C-00730,File:NLC892-312002098744-312888 說文解字 十五卷 第1冊.pdf,55,right,0.53,945,1920,29,513,72,105,1920,510,85.55,headword,0.999,卷一下,12,0.609,approved
3D2EB,ccz,C-00731,File:NLC892-312002098744-312888 說文解字 十五卷 第1冊.pdf,55,left,0.363,0,945,844,519,65,108,1920,515,84.24,manual,0.993,卷一下,12,0.614,approved
3D2EC,ccz,C-00732,File:NLC892-312002098744-312888 說文解字 十五卷 第1冊.pdf,55,left,0.363,0,945,771,519,56,105,1920,515,84.24,headword,0.995,卷一下,12,0.945,approved
3D2ED,ccz,C-00733,File:NLC892-312002098744-312888 說文解字 十五卷 第1冊.pdf,55,left,0.363,0,945,693,520,50,104,1920,515,84.24,headword,0.997,卷一下,12,0.946,approved
3D2EE,ccz,C-00734,File:NLC892-312002098744-312888 說文解字 十五卷 第1冊.pdf,55,left,0.363,0,945,603,522,56,95,1920,515,84.24,headword,0.999,卷一下,12,0.969,approved
3D2EF,ccz,C-00735,File:NLC892-312002098744-312888 說文解字 十五卷 第1冊.pdf,55,left,0.363,0,945,519,519,52,107,1920,515,84.24,headword,1.0,卷一下,12,0.977,approved
3D2F0,ccz,C-00736,File:NLC892-312002098744-312888 說文解字 十五卷 第1冊.pdf,55,left,0.363,0,945,432,519,53,101,1920,515,84.24,headword,1.0,卷一下,12,0.977,approved
3D2F1,ccz,C-00737,File:NLC892-312002098744-312888 說文解字 十五卷 第1冊.pdf,55,left,0.363,0,945,350,516,54,113,1920,515,84.24,headword,0.991,卷一下,12,0.968,approved
3D2F2,ccz,C-00738,File:NLC892-312002098744-312888 說文解字 十五卷 第1冊.pdf,55,left,0.363,0,945,264,518,56,103,1920,515,84.24,headword,1.0,卷一下,12,0.986,approved
3D2F3,ccz,C-00739,File:NLC892-312002098744-312888 說文解字 十五卷 第1冊.pdf,55,left,0.363,0,945,167,518,69,105,1920,515,84.24,headword,1.0,卷一下,12,0.875,approved
3D2F4,ccz,C-00740,File:NLC892-312002098744-312888 說文解字 十五卷 第1冊.pdf,55,left,0.363,0,945,96,521,53,98,1920,515,84.24,headword,0.997,卷一下,12,0.974,approved
3D2F5,ccz,C-00741,File:NLC892-312002098744-312888 說文解字 十五卷 第1冊.pdf,56,right,1.091,946,1920,805,508,66,107,1920,506,84.37,headword,0.999,卷一下,12,0.897,approved
3D2F6,ccz,C-00742,File:NLC892-312002098744-312888 說文解字 十五卷 第1冊.pdf,56,right,1.091,946,1920,721,511,58,100,1920,506,84.37,headword,1.0,卷一下,12,0.927,approved
3D2F7,ccz,C-00743,File:NLC892-312002098744-312888 說文解字 十五卷 第1冊.pdf,56,right,1.091,946,1920,642,511,48,101,1920,506,84.37,headword,0.997,卷一下,12,0.964,approved
3D2F8,ccz,C-00744,File:NLC892-312002098744-312888 說文解字 十五卷 第1冊.pdf,56,right,1.091,946,1920,554,510,51,102,1920,506,84.37,headword,0.999,卷一下,12,0.973,approved
3D2F9,ccz,C-00745,File:NLC892-312002098744-312888 說文解字 十五卷 第1冊.pdf,56,right,1.091,946,1920,463,506,70,109,1920,506,84.37,headword,0.995,卷一下,12,0.908,approved
3D2FB,ccz,C-00747,File:NLC892-312002098744-312888 說文解字 十五卷 第1冊.pdf,56,right,1.091,946,1920,292,506,63,105,1920,506,84.37,headword,1.0,卷一下,12,0.947,approved
3D2FC,ccz,C-00748,File:NLC892-312002098744-312888 說文解字 十五卷 第1冊.pdf,56,right,1.091,946,1920,303,1055,63,103,1920,506,84.37,inline,0.956,卷一下,12,0.903,approved
3D2FD,ccz,C-00749,File:NLC892-312002098744-312888 說文解字 十五卷 第1冊.pdf,56,right,1.091,946,1920,212,506,65,110,1920,506,84.37,headword,0.999,卷一下,12,0.979,approved
3D2FE,ccz,C-00750,File:NLC892-312002098744-312888 說文解字 十五卷 第1冊.pdf,56,right,1.091,946,1920,131,510,60,105,1920,506,84.37,headword,0.998,卷一下,12,0.936,approved
3D2FF,ccz,C-00751,File:NLC892-312002098744-312888 說文解字 十五卷 第1冊.pdf,56,right,1.091,946,1920,46,511,56,103,1920,506,84.37,headword,0.996,卷一下,12,0.919,approved
3D300,ccz,C-00752,File:NLC892-312002098744-312888 說文解字 十五卷 第1冊.pdf,56,left,-0.099,0,946,855,508,69,105,1920,504,85.52,headword,0.995,卷一下,12,0.713,approved
3D301,ccz,C-00753,File:NLC892-312002098744-312888 說文解字 十五卷 第1冊.pdf,56,left,-0.099,0,946,775,507,47,103,1920,504,85.52,headword,0.999,卷一下,12,0.986,approved
3D302,ccz,C-00754,File:NLC892-312002098744-312888 說文解字 十五卷 第1冊.pdf,56,left,-0.099,0,946,679,504,70,107,1920,504,85.52,headword,0.995,卷一下,12,0.959,approved
3D303,ccz,C-00755,File:NLC892-312002098744-312888 說文解字 十五卷 第1冊.pdf,56,left,-0.099,0,946,600,507,55,108,1920,504,85.52,headword,0.999,卷一下,12,0.98,approved
3D304,ccz,C-00756,File:NLC892-312002098744-312888 說文解字 十五卷 第1冊.pdf,56,left,-0.099,0,946,517,507,51,103,1920,504,85.52,headword,1.0,卷一下,12,0.966,approved
3D305,ccz,C-00757,File:NLC892-312002098744-312888 說文解字 十五卷 第1冊.pdf,56,left,-0.099,0,946,263,506,48,107,1920,504,85.52,headword,0.999,卷一下,12,0.962,approved
3D306,ccz,C-00758,File:NLC892-312002098744-312888 說文解字 十五卷 第1冊.pdf,56,left,-0.099,0,946,161,504,70,97,1920,504,85.52,headword,1.0,卷一下,12,0.854,approved
3D307,ccz,C-00759,File:NLC892-312002098744-312888 說文解字 十五卷 第1冊.pdf,56,left,-0.099,0,946,78,504,71,109,1920,504,85.52,headword,0.998,卷一下,12,0.825,approved
3D308,ccz,C-00760,File:NLC892-312002098744-312888 說文解字 十五卷 第1冊.pdf,57,right,0.535,969,1920,780,508,60,104,1920,505,84.42,headword,1.0,卷一下,12,0.95,approved
3D309,ccz,C-00761,File:NLC892-312002098744-312888 說文解字 十五卷 第1冊.pdf,57,right,0.535,969,1920,694,508,56,101,1920,505,84.42,headword,0.999,卷一下,12,0.972,approved
3D30A,ccz,C-00762,File:NLC892-312002098744-312888 說文解字 十五卷 第1冊.pdf,57,right,0.535,969,1920,525,613,57,108,1920,505,84.42,inline,0.999,卷一下,12,0.976,approved
3D30B,ccz,C-00763,File:NLC892-312002098744-312888 說文解字 十五卷 第1冊.pdf,57,right,0.535,969,1920,442,615,55,108,1920,505,84.42,inline,1.0,卷一下,12,0.975,approved
3D30C,ccz,C-00764,File:NLC892-312002098744-312888 說文解字 十五卷 第1冊.pdf,57,right,0.535,969,1920,355,615,71,111,1920,505,84.42,inline,0.993,卷一下,12,0.927,approved
3D30D,ccz,C-00765,File:NLC892-312002098744-312888 說文解字 十五卷 第1冊.pdf,57,right,0.535,969,1920,274,618,69,97,1920,505,84.42,manual,1.0,卷一下,12,0.689,approved
3D30E,ccz,C-00766,File:NLC892-312002098744-312888 說文解字 十五卷 第1冊.pdf,57,right,0.535,969,1920,186,619,70,104,1920,505,84.42,inline,0.998,卷一下,12,0.886,approved
3D310,ccz,C-00768,File:NLC892-312002098744-312888 說文解字 十五卷 第1冊.pdf,57,right,0.535,969,1920,17,615,63,108,1920,505,84.42,inline,0.999,卷一下,12,0.972,approved
3D311,ccz,C-00769,File:NLC892-312002098744-312888 說文解字 十五卷 第1冊.pdf,57,left,0.075,0,969,855,626,51,108,1920,516,84.57,inline,1.0,卷一下,12,0.982,approved
3D312,ccz,C-00770,File:NLC892-312002098744-312888 說文解字 十五卷 第1冊.pdf,57,left,0.075,0,969,772,628,49,101,1920,516,84.57,inline,1.0,卷一下,12,0.958,approved
3D313,ccz,C-00771,File:NLC892-312002098744-312888 說文解字 十五卷 第1冊.pdf,57,left,0.075,0,969,679,628,63,103,1920,516,84.57,inline,0.991,卷一下,12,0.935,approved
3D314,ccz,C-00772,File:NLC892-312002098744-312888 說文解字 十五卷 第1冊.pdf,57,left,0.075,0,969,586,626,72,108,1920,516,84.57,inline,0.999,卷一下,12,0.912,approved
3D315,ccz,C-00773,File:NLC892-312002098744-312888 說文解字 十五卷 第1冊.pdf,57,left,0.075,0,969,499,624,76,108,1920,516,84.57,inline,0.944,卷一下,12,0.832,approved
3D126,ccz,C-00284,File:NLC892-312002098744-312888 說文解字 十五卷 第1冊.pdf,33,right,0.484,953,1920,531,1379,70,96,1920,496,83.71,recovered,0.0,卷一下,11,0.967,approved
3D153,ccz,C-00329,File:NLC892-312002098744-312888 說文解字 十五卷 第1冊.pdf,35,right,0.001,956,1920,23,520,64,113,1920,518,84.36,recovered,0.0,卷一下,12,0.928,approved
3D29A,ccz,C-00651,File:NLC892-312002098744-312888 說文解字 十五卷 第1冊.pdf,51,left,-0.277,0,944,523,507,51,108,1920,502,85.46,recovered,0.0,卷一下,12,0.967,approved
3D2FA,ccz,C-00746,File:NLC892-312002098744-312888 說文解字 十五卷 第1冊.pdf,56,right,1.091,946,1920,386,506,53,113,1920,506,84.37,recovered,0.0,卷一下,12,0.98,approved
3D317,ccz,C-00775,File:NLC892-312002098744-312888 說文解字 十五卷 第1冊.pdf,57,left,0.075,0,969,246,519,67,103,1920,516,84.57,headword,0.999,卷一下,13,0.839,approved
3D318,ccz,C-00776,File:NLC892-312002098744-312888 說文解字 十五卷 第1冊.pdf,57,left,0.075,0,969,172,735,61,108,1920,516,84.57,inline,0.979,卷一下,13,0.97,approved
3D319,ccz,C-00777,File:NLC892-312002098744-312888 說文解字 十五卷 第1冊.pdf,57,left,0.075,0,969,92,518,59,103,1920,516,84.57,headword,0.999,卷一下,13,0.972,approved
3D31A,ccz,C-00778,File:NLC892-312002098744-312888 說文解字 十五卷 第1冊.pdf,57,left,0.075,0,969,86,1281,60,101,1920,516,84.57,inline,0.999,卷一下,13,0.934,approved
3D31B,ccz,C-00779,File:NLC892-312002098744-312888 說文解字 十五卷 第1冊.pdf,57,left,0.075,0,969,88,1607,54,101,1920,516,84.57,inline,1.0,卷一下,13,0.941,approved
3D31C,ccz,C-00780,File:NLC892-312002098744-312888 說文解字 十五卷 第1冊.pdf,58,right,1.199,942,1920,642,511,53,99,1920,504,84.79,headword,1.0,卷一下,14,0.972,approved
3D31D,ccz,C-00781,File:NLC892-312002098744-312888 說文解字 十五卷 第1冊.pdf,58,right,1.199,942,1920,557,509,50,105,1920,504,84.79,headword,1.0,卷一下,14,0.982,approved
3D31E,ccz,C-00782,File:NLC892-312002098744-312888 說文解字 十五卷 第1冊.pdf,58,right,1.199,942,1920,471,509,53,103,1920,504,84.79,headword,1.0,卷一下,14,0.975,approved
3D31F,ccz,C-00783,File:NLC892-312002098744-312888 說文解字 十五卷 第1冊.pdf,58,right,1.199,942,1920,380,504,72,108,1920,504,84.79,headword,0.969,卷一下,14,0.93,approved
3D26A,ccz,C-00603,File:NLC892-312002098744-312888 說文解字 十五卷 第1冊.pdf,49,right,0.941,949,1920,711,509,70,108,1920,509,84.53,manual,0.988,卷一下,12,0.644,approved
3D26C,ccz,C-00605,File:NLC892-312002098744-312888 說文解字 十五卷 第1冊.pdf,49,right,0.941,949,1920,540,509,73,108,1920,509,84.53,manual,0.994,卷一下,12,0.627,approved
3D26E,ccz,C-00607,File:NLC892-312002098744-312888 說文解字 十五卷 第1冊.pdf,49,right,0.941,949,1920,373,518,71,85,1920,509,84.53,manual,0.907,卷一下,12,0.418,approved
3D279,ccz,C-00618,File:NLC892-312002098744-312888 說文解字 十五卷 第1冊.pdf,49,left,-0.147,0,949,260,510,68,103,1920,507,84.06,manual,0.999,卷一下,12,0.605,approved
3D27A,ccz,C-00619,File:NLC892-312002098744-312888 說文解字 十五卷 第1冊.pdf,49,left,-0.147,0,949,174,512,71,97,1920,507,84.06,manual,0.999,卷一下,12,0.639,approved
3D30F,ccz,C-00767,File:NLC892-312002098744-312888 說文解字 十五卷 第1冊.pdf,57,right,0.535,969,1920,103,613,70,119,1920,505,84.42,manual,0.992,卷一下,12,0.748,approved
3D064,ccz,C-00095,File:NLC892-312002098744-312888 說文解字 十五卷 第1冊.pdf,20,left,-0.913,0,964,100,628,73,94,1920,506,83.56,inline,0.976,卷一上,3,0.826,approved
3D321,ccz,C-00785,File:NLC892-312002098744-312890 說文解字 十五卷 第2冊.pdf,3,left,-0.17,0,960,282,516,54,104,1920,514,84.24,headword,1.0,卷二上,15,0.978,approved
3D323,ccz,C-00787,File:NLC892-312002098744-312890 說文解字 十五卷 第2冊.pdf,4,right,-0.033,965,1920,813,522,61,94,1920,513,84.74,headword,1.0,卷二上,16,0.976,approved
3D324,ccz,C-00788,File:NLC892-312002098744-312890 說文解字 十五卷 第2冊.pdf,4,right,-0.033,965,1920,733,523,55,95,1920,513,84.74,headword,0.997,卷二上,16,0.989,approved
3D326,ccz,C-00790,File:NLC892-312002098744-312890 說文解字 十五卷 第2冊.pdf,4,right,-0.033,965,1920,557,520,67,92,1920,513,84.74,headword,0.994,卷二上,16,0.864,approved
3D327,ccz,C-00791,File:NLC892-312002098744-312890 說文解字 十五卷 第2冊.pdf,4,right,-0.033,965,1920,465,516,71,100,1920,513,84.74,headword,1.0,卷二上,16,0.92,approved
3D329,ccz,C-00793,File:NLC892-312002098744-312890 說文解字 十五卷 第2冊.pdf,4,right,-0.033,965,1920,309,516,56,105,1920,513,84.74,headword,0.999,卷二上,16,0.973,approved
3D32A,ccz,C-00794,File:NLC892-312002098744-312890 說文解字 十五卷 第2冊.pdf,4,right,-0.033,965,1920,212,513,74,106,1920,513,84.74,headword,0.999,卷二上,16,0.941,approved
3D32C,ccz,C-00796,File:NLC892-312002098744-312890 說文解字 十五卷 第2冊.pdf,4,left,-0.0,0,965,863,521,68,96,1920,516,85.44,headword,0.999,卷二上,16,0.982,approved
3D32D,ccz,C-00797,File:NLC892-312002098744-312890 說文解字 十五卷 第2冊.pdf,4,left,-0.0,0,965,696,518,57,102,1920,516,85.44,headword,0.998,卷二上,16,0.952,approved
3D32E,ccz,C-00798,File:NLC892-312002098744-312890 說文解字 十五卷 第2冊.pdf,4,left,-0.0,0,965,607,516,63,102,1920,516,85.44,headword,0.999,卷二上,16,0.982,approved
3D330,ccz,C-00800,File:NLC892-312002098744-312890 說文解字 十五卷 第2冊.pdf,4,left,-0.0,0,965,440,522,49,98,1920,516,85.44,headword,0.999,卷二上,17,0.984,approved
3D332,ccz,C-00802,File:NLC892-312002098744-312890 說文解字 十五卷 第2冊.pdf,4,left,-0.0,0,965,268,516,56,97,1920,516,85.44,headword,1.0,卷二上,17,0.953,approved
3D336,ccz,C-00806,File:NLC892-312002098744-312890 說文解字 十五卷 第2冊.pdf,5,right,-0.241,971,1920,806,679,65,102,1920,513,84.26,inline,0.999,卷二上,17,0.93,approved
3D337,ccz,C-00807,File:NLC892-312002098744-312890 說文解字 十五卷 第2冊.pdf,5,right,-0.241,971,1920,716,519,63,102,1920,513,84.26,headword,0.995,卷二上,17,0.838,approved
3D339,ccz,C-00809,File:NLC892-312002098744-312890 說文解字 十五卷 第2冊.pdf,5,right,-0.241,971,1920,635,520,70,103,1920,513,84.26,headword,1.0,卷二上,17,0.915,approved
3D33A,ccz,C-00810,File:NLC892-312002098744-312890 說文解字 十五卷 第2冊.pdf,5,right,-0.241,971,1920,469,516,59,105,1920,513,84.26,headword,1.0,卷二上,18,0.987,approved
3D33B,ccz,C-00811,File:NLC892-312002098744-312890 說文解字 十五卷 第2冊.pdf,5,right,-0.241,971,1920,295,519,72,100,1920,513,84.26,headword,1.0,卷二上,18,0.967,approved
3D33C,ccz,C-00812,File:NLC892-312002098744-312890 說文解字 十五卷 第2冊.pdf,5,right,-0.241,971,1920,212,523,65,94,1920,513,84.26,headword,1.0,卷二上,18,0.969,approved
3D33D,ccz,C-00813,File:NLC892-312002098744-312890 說文解字 十五卷 第2冊.pdf,5,right,-0.241,971,1920,46,518,50,101,1920,513,84.26,headword,0.999,卷二上,19,0.979,approved
3D33E,ccz,C-00814,File:NLC892-312002098744-312890 說文解字 十五卷 第2冊.pdf,5,left,0.428,0,971,782,511,66,102,1920,511,85.03,headword,0.995,卷二上,19,0.954,approved
3D340,ccz,C-00816,File:NLC892-312002098744-312890 說文解字 十五卷 第2冊.pdf,5,left,0.428,0,971,612,515,64,101,1920,511,85.03,headword,1.0,卷二上,19,0.955,approved
3D341,ccz,C-00817,File:NLC892-312002098744-312890 說文解字 十五卷 第2冊.pdf,5,left,0.428,0,971,525,515,67,102,1920,511,85.03,headword,1.0,卷二上,19,0.966,approved
3D342,ccz,C-00818,File:NLC892-312002098744-312890 說文解字 十五卷 第2冊.pdf,5,left,0.428,0,971,439,514,69,105,1920,511,85.03,headword,0.999,卷二上,19,0.861,approved
3D34C,ccz,C-00828,File:NLC892-312002098744-312890 說文解字 十五卷 第2冊.pdf,6,right,0.509,973,1920,473,502,58,107,1920,500,84.4,headword,0.989,卷二上,19,0.926,approved
3D356,ccz,C-00837,File:NLC892-312002098744-312890 說文解字 十五卷 第2冊.pdf,6,left,0.074,0,973,601,516,72,103,1920,510,84.49,headword,0.997,卷二上,19,0.948,approved
3D358,ccz,C-00839,File:NLC892-312002098744-312890 說文解字 十五卷 第2冊.pdf,6,left,0.074,0,973,431,510,74,108,1920,510,84.49,headword,0.998,卷二上,19,0.887,approved
3D35A,ccz,C-00841,File:NLC892-312002098744-312890 說文解字 十五卷 第2冊.pdf,6,left,0.074,0,973,262,514,72,110,1920,510,84.49,headword,0.991,卷二上,19,0.899,approved
3D363,ccz,C-00850,File:NLC892-312002098744-312890 說文解字 十五卷 第2冊.pdf,7,right,0.266,970,1920,208,509,75,109,1920,509,84.14,headword,0.936,卷二上,19,0.866,approved
3D36A,ccz,C-00857,File:NLC892-312002098744-312890 說文解字 十五卷 第2冊.pdf,7,left,0.423,0,970,351,512,65,98,1920,507,84.85,headword,1.0,卷二上,19,0.963,approved
3D36B,ccz,C-00858,File:NLC892-312002098744-312890 說文解字 十五卷 第2冊.pdf,7,left,0.423,0,970,183,510,68,103,1920,507,84.85,headword,1.0,卷二上,19,0.871,approved
3D36E,ccz,C-00861,File:NLC892-312002098744-312890 說文解字 十五卷 第2冊.pdf,8,right,0.191,969,1920,557,502,58,104,1920,500,84.62,headword,0.999,卷二上,20,0.963,approved
3D372,ccz,C-00865,File:NLC892-312002098744-312890 說文解字 十五卷 第2冊.pdf,8,right,0.191,969,1920,127,505,60,92,1920,500,84.62,headword,0.982,卷二上,21,0.967,approved
3D377,ccz,C-00870,File:NLC892-312002098744-312890 說文解字 十五卷 第2冊.pdf,8,left,0.2,0,969,438,508,61,105,1920,506,84.67,headword,1.0,卷二上,22,0.978,approved
3D378,ccz,C-00871,File:NLC892-312002098744-312890 說文解字 十五卷 第2冊.pdf,8,left,0.2,0,969,354,509,64,103,1920,506,84.67,headword,0.999,卷二上,22,0.989,approved
3D37B,ccz,C-00873,File:NLC892-312002098744-312890 說文解字 十五卷 第2冊.pdf,8,left,0.2,0,969,263,509,71,105,1920,506,84.67,headword,1.0,卷二上,22,0.969,approved
3D37E,ccz,C-00876,File:NLC892-312002098744-312890 說文解字 十五卷 第2冊.pdf,9,right,0.181,966,1920,811,522,58,79,1920,504,84.46,headword,0.98,卷二上,22,0.958,approved
3D37F,ccz,C-00877,File:NLC892-312002098744-312890 說文解字 十五卷 第2冊.pdf,9,right,0.181,966,1920,717,517,72,77,1920,504,84.46,headword,0.99,卷二上,22,0.956,approved
3D383,ccz,C-00881,File:NLC892-312002098744-312890 說文解字 十五卷 第2冊.pdf,9,right,0.181,966,1920,384,513,58,96,1920,504,84.46,headword,1.0,卷二上,22,0.981,approved
3D384,ccz,C-00882,File:NLC892-312002098744-312890 說文解字 十五卷 第2冊.pdf,9,right,0.181,966,1920,298,516,67,92,1920,504,84.46,headword,1.0,卷二上,22,0.972,approved
3D38C,ccz,C-00890,File:NLC892-312002098744-312890 說文解字 十五卷 第2冊.pdf,9,left,-0.091,0,966,518,514,69,94,1920,504,84.42,headword,1.0,卷二上,22,0.959,approved
3D38F,ccz,C-00893,File:NLC892-312002098744-312890 說文解字 十五卷 第2冊.pdf,9,left,-0.091,0,966,349,514,70,83,1920,504,84.42,headword,0.992,卷二上,22,0.975,approved
3D390,ccz,C-00894,File:NLC892-312002098744-312890 說文解字 十五卷 第2冊.pdf,9,left,-0.091,0,966,264,511,68,99,1920,504,84.42,headword,1.0,卷二上,22,0.965,approved
3D394,ccz,C-00898,File:NLC892-312002098744-312890 說文解字 十五卷 第2冊.pdf,10,right,-0.035,967,1920,797,1058,75,106,1920,506,84.38,inline,0.999,卷二上,22,0.904,approved
3D395,ccz,C-00899,File:NLC892-312002098744-312890 說文解字 十五卷 第2冊.pdf,10,right,-0.035,967,1920,717,516,64,97,1920,506,84.38,headword,1.0,卷二上,22,0.963,approved
3D398,ccz,C-00902,File:NLC892-312002098744-312890 說文解字 十五卷 第2冊.pdf,10,right,-0.035,967,1920,464,510,67,98,1920,506,84.38,headword,1.0,卷二上,22,0.925,approved
3D39A,ccz,C-00903,File:NLC892-312002098744-312890 說文解字 十五卷 第2冊.pdf,10,right,-0.035,967,1920,376,512,66,90,1920,506,84.38,headword,0.997,卷二上,22,0.975,approved
3D39B,ccz,C-00904,File:NLC892-312002098744-312890 說文解字 十五卷 第2冊.pdf,10,right,-0.035,967,1920,291,511,68,105,1920,506,84.38,headword,1.0,卷二上,22,0.982,approved
3D39D,ccz,C-00906,File:NLC892-312002098744-312890 說文解字 十五卷 第2冊.pdf,10,right,-0.035,967,1920,125,515,61,90,1920,506,84.38,headword,0.999,卷二上,22,0.974,approved
3D39E,ccz,C-00907,File:NLC892-312002098744-312890 說文解字 十五卷 第2冊.pdf,10,right,-0.035,967,1920,37,510,65,106,1920,506,84.38,headword,1.0,卷二上,22,0.981,approved
3D39F,ccz,C-00908,File:NLC892-312002098744-312890 說文解字 十五卷 第2冊.pdf,10,left,-0.042,0,967,867,515,57,97,1920,509,84.11,headword,1.0,卷二上,22,0.967,approved
3D3A2,ccz,C-00911,File:NLC892-312002098744-312890 說文解字 十五卷 第2冊.pdf,10,left,-0.042,0,967,607,524,69,94,1920,509,84.11,inline,1.0,卷二上,22,0.933,approved
3D3A5,ccz,C-00915,File:NLC892-312002098744-312890 說文解字 十五卷 第2冊.pdf,10,left,-0.042,0,967,356,512,64,103,1920,509,84.11,headword,1.0,卷二上,22,0.985,approved
3D3A7,ccz,C-00917,File:NLC892-312002098744-312890 說文解字 十五卷 第2冊.pdf,10,left,-0.042,0,967,186,512,63,103,1920,509,84.11,headword,1.0,卷二上,22,0.978,approved
3D3A9,ccz,C-00919,File:NLC892-312002098744-312890 說文解字 十五卷 第2冊.pdf,11,right,0.054,968,1920,803,519,57,96,1920,510,83.9,headword,0.998,卷二上,22,0.959,approved
3D3AA,ccz,C-00920,File:NLC892-312002098744-312890 說文解字 十五卷 第2冊.pdf,11,right,0.054,968,1920,716,516,69,97,1920,510,83.9,headword,0.999,卷二上,22,0.941,approved
3D3AB,ccz,C-00921,File:NLC892-312002098744-312890 說文解字 十五卷 第2冊.pdf,11,right,0.054,968,1920,633,515,62,101,1920,510,83.9,headword,0.998,卷二上,22,0.982,approved
3D3AC,ccz,C-00922,File:NLC892-312002098744-312890 說文解字 十五卷 第2冊.pdf,11,right,0.054,968,1920,547,518,67,101,1920,510,83.9,headword,1.0,卷二上,22,0.975,approved
3D3B2,ccz,C-00928,File:NLC892-312002098744-312890 說文解字 十五卷 第2冊.pdf,11,right,0.054,968,1920,125,514,65,103,1920,510,83.9,headword,0.994,卷二上,22,0.963,approved
3D3B3,ccz,C-00929,File:NLC892-312002098744-312890 說文解字 十五卷 第2冊.pdf,11,right,0.054,968,1920,47,517,47,94,1920,510,83.9,headword,0.999,卷二上,22,0.987,approved
3D3B4,ccz,C-00930,File:NLC892-312002098744-312890 說文解字 十五卷 第2冊.pdf,11,left,0.154,0,968,780,519,63,79,1920,506,84.39,headword,0.908,卷二上,22,0.986,approved
3D3B5,ccz,C-00931,File:NLC892-312002098744-312890 說文解字 十五卷 第2冊.pdf,11,left,0.154,0,968,694,512,64,99,1920,506,84.39,headword,0.999,卷二上,22,0.978,approved
3D3B7,ccz,C-00934,File:NLC892-312002098744-312890 說文解字 十五卷 第2冊.pdf,11,left,0.154,0,968,524,517,56,94,1920,506,84.39,headword,0.994,卷二上,22,0.965,approved
3D3B9,ccz,C-00936,File:NLC892-312002098744-312890 說文解字 十五卷 第2冊.pdf,11,left,0.154,0,968,435,511,71,104,1920,506,84.39,headword,0.999,卷二上,22,0.94,approved
3D3BA,ccz,C-00937,File:NLC892-312002098744-312890 說文解字 十五卷 第2冊.pdf,11,left,0.154,0,968,359,511,58,102,1920,506,84.39,headword,1.0,卷二上,22,0.982,approved
3D3BB,ccz,C-00938,File:NLC892-312002098744-312890 說文解字 十五卷 第2冊.pdf,11,left,0.154,0,968,271,510,53,95,1920,506,84.39,headword,1.0,卷二上,22,0.987,approved
3D3BC,ccz,C-00939,File:NLC892-312002098744-312890 說文解字 十五卷 第2冊.pdf,11,left,0.154,0,968,186,513,67,98,1920,506,84.39,headword,1.0,卷二上,22,0.985,approved
3D3BD,ccz,C-00940,File:NLC892-312002098744-312890 說文解字 十五卷 第2冊.pdf,11,left,0.154,0,968,104,512,65,97,1920,506,84.39,headword,1.0,卷二上,22,0.986,approved
3D3BE,ccz,C-00941,File:NLC892-312002098744-312890 說文解字 十五卷 第2冊.pdf,12,right,0.115,967,1920,797,521,63,77,1920,505,83.88,headword,0.994,卷二上,22,0.988,approved
3D3C1,ccz,C-00944,File:NLC892-312002098744-312890 說文解字 十五卷 第2冊.pdf,12,right,0.115,967,1920,544,521,66,82,1920,505,83.88,headword,0.996,卷二上,22,0.971,approved
3D3C2,ccz,C-00945,File:NLC892-312002098744-312890 說文解字 十五卷 第2冊.pdf,12,right,0.115,967,1920,454,505,71,108,1920,505,83.88,headword,0.999,卷二上,22,0.872,approved
3D3C3,ccz,C-00946,File:NLC892-312002098744-312890 說文解字 十五卷 第2冊.pdf,12,right,0.115,967,1920,379,511,64,103,1920,505,83.88,headword,1.0,卷二上,22,0.943,approved
3D3C4,ccz,C-00947,File:NLC892-312002098744-312890 說文解字 十五卷 第2冊.pdf,12,right,0.115,967,1920,296,514,58,100,1920,505,83.88,headword,1.0,卷二上,22,0.973,approved
3D3C7,ccz,C-00950,File:NLC892-312002098744-312890 說文解字 十五卷 第2冊.pdf,12,right,0.115,967,1920,38,514,68,79,1920,505,83.88,headword,0.979,卷二上,22,0.963,approved
3D3C8,ccz,C-00951,File:NLC892-312002098744-312890 說文解字 十五卷 第2冊.pdf,12,left,-0.949,0,967,861,511,66,101,1920,503,84.01,headword,1.0,卷二上,22,0.953,approved
3D3CC,ccz,C-00955,File:NLC892-312002098744-312890 說文解字 十五卷 第2冊.pdf,12,left,-0.949,0,967,521,507,66,102,1920,503,84.01,headword,1.0,卷二上,22,0.982,approved
3D3D5,ccz,C-00964,File:NLC892-312002098744-312890 說文解字 十五卷 第2冊.pdf,13,right,-1.261,964,1920,627,521,63,103,1920,516,83.92,headword,0.998,卷二上,22,0.956,approved
3D3D7,ccz,C-00966,File:NLC892-312002098744-312890 說文解字 十五卷 第2冊.pdf,13,right,-1.261,964,1920,550,524,46,84,1920,516,83.92,headword,1.0,卷二上,22,0.916,approved
3D3D9,ccz,C-00968,File:NLC892-312002098744-312890 說文解字 十五卷 第2冊.pdf,13,right,-1.261,964,1920,365,529,69,101,1920,516,83.92,headword,0.998,卷二上,22,0.591,approved
3D3DB,ccz,C-00970,File:NLC892-312002098744-312890 說文解字 十五卷 第2冊.pdf,13,right,-1.261,964,1920,194,523,71,97,1920,516,83.92,headword,0.999,卷二上,22,0.86,approved
3D3DC,ccz,C-00971,File:NLC892-312002098744-312890 說文解字 十五卷 第2冊.pdf,13,right,-1.261,964,1920,130,522,53,92,1920,516,83.92,headword,0.997,卷二上,22,0.947,approved
3D3DE,ccz,C-00973,File:NLC892-312002098744-312890 說文解字 十五卷 第2冊.pdf,13,left,0.07,0,964,865,517,58,89,1920,507,84.46,headword,1.0,卷二上,22,0.938,approved
3D3DF,ccz,C-00974,File:NLC892-312002098744-312890 說文解字 十五卷 第2冊.pdf,13,left,0.07,0,964,787,512,53,85,1920,507,84.46,headword,0.986,卷二上,22,0.964,approved
3D3E0,ccz,C-00975,File:NLC892-312002098744-312890 說文解字 十五卷 第2冊.pdf,13,left,0.07,0,964,695,511,58,101,1920,507,84.46,headword,1.0,卷二上,22,0.97,approved
3D3E2,ccz,C-00977,File:NLC892-312002098744-312890 說文解字 十五卷 第2冊.pdf,13,left,0.07,0,964,614,509,61,104,1920,507,84.46,headword,1.0,卷二上,22,0.97,approved
3D3E6,ccz,C-00981,File:NLC892-312002098744-312890 說文解字 十五卷 第2冊.pdf,13,left,0.07,0,964,351,507,73,98,1920,507,84.46,headword,1.0,卷二上,22,0.888,approved
3D3E9,ccz,C-00984,File:NLC892-312002098744-312890 說文解字 十五卷 第2冊.pdf,13,left,0.07,0,964,105,511,66,78,1920,507,84.46,headword,0.988,卷二上,22,0.975,approved
3D3EE,ccz,C-00989,File:NLC892-312002098744-312890 說文解字 十五卷 第2冊.pdf,14,right,0.377,964,1920,462,502,65,99,1920,500,84.02,headword,1.0,卷二上,22,0.97,approved
3D3EF,ccz,C-00990,File:NLC892-312002098744-312890 說文解字 十五卷 第2冊.pdf,14,right,0.377,964,1920,375,505,62,100,1920,500,84.02,headword,1.0,卷二上,22,0.982,approved
3D3F1,ccz,C-00992,File:NLC892-312002098744-312890 說文解字 十五卷 第2冊.pdf,14,right,0.377,964,1920,206,506,65,102,1920,500,84.02,headword,0.999,卷二上,22,0.972,approved
3D3F2,ccz,C-00993,File:NLC892-312002098744-312890 說文解字 十五卷 第2冊.pdf,14,right,0.377,964,1920,122,509,64,97,1920,500,84.02,headword,1.0,卷二上,22,0.967,approved
3D3F3,ccz,C-00994,File:NLC892-312002098744-312890 說文解字 十五卷 第2冊.pdf,14,right,0.377,964,1920,38,506,65,90,1920,500,84.02,headword,1.0,卷二上,22,0.99,approved
3D3FE,ccz,C-01005,File:NLC892-312002098744-312890 說文解字 十五卷 第2冊.pdf,15,right,0.524,962,1920,707,512,68,95,1920,503,83.68,headword,0.999,卷二上,22,0.968,approved
3D3FF,ccz,C-01006,File:NLC892-312002098744-312890 說文解字 十五卷 第2冊.pdf,15,right,0.524,962,1920,621,509,69,99,1920,503,83.68,headword,0.999,卷二上,22,0.974,approved
3D401,ccz,C-01008,File:NLC892-312002098744-312890 說文解字 十五卷 第2冊.pdf,15,right,0.524,962,1920,455,510,67,102,1920,503,83.68,headword,1.0,卷二上,22,0.971,approved
3D402,ccz,C-01009,File:NLC892-312002098744-312890 說文解字 十五卷 第2冊.pdf,15,right,0.524,962,1920,373,514,61,92,1920,503,83.68,headword,1.0,卷二上,22,0.99,approved
3D405,ccz,C-01012,File:NLC892-312002098744-312890 說文解字 十五卷 第2冊.pdf,15,right,0.524,962,1920,123,519,58,88,1920,503,83.68,headword,1.0,卷二上,22,0.939,approved
3D408,ccz,C-01015,File:NLC892-312002098744-312890 說文解字 十五卷 第2冊.pdf,15,left,0.049,0,962,771,513,72,106,1920,510,84.0,headword,0.999,卷二上,22,0.674,approved
3D40A,ccz,C-01017,File:NLC892-312002098744-312890 說文解字 十五卷 第2冊.pdf,15,left,0.049,0,962,687,512,72,101,1920,510,84.0,headword,0.999,卷二上,22,0.847,approved
3D40B,ccz,C-01018,File:NLC892-312002098744-312890 說文解字 十五卷 第2冊.pdf,15,left,0.049,0,962,600,510,76,110,1920,510,84.0,headword,0.945,卷二上,22,0.877,approved
3D40F,ccz,C-01021,File:NLC892-312002098744-312890 說文解字 十五卷 第2冊.pdf,15,left,0.049,0,962,349,510,72,109,1920,510,84.0,headword,0.931,卷二上,22,0.745,approved
3D410,ccz,C-01022,File:NLC892-312002098744-312890 說文解字 十五卷 第2冊.pdf,15,left,0.049,0,962,264,510,70,109,1920,510,84.0,headword,0.543,卷二上,22,0.911,approved
3D416,ccz,C-01027,File:NLC892-312002098744-312890 說文解字 十五卷 第2冊.pdf,16,right,-0.222,963,1920,785,504,71,106,1920,502,83.5,headword,0.998,卷二上,22,0.87,approved
3D419,ccz,C-01030,File:NLC892-312002098744-312890 說文解字 十五卷 第2冊.pdf,16,right,-0.222,963,1920,537,506,70,104,1920,502,83.5,headword,0.999,卷二上,22,0.954,approved
3D41A,ccz,C-01031,File:NLC892-312002098744-312890 說文解字 十五卷 第2冊.pdf,16,right,-0.222,963,1920,458,509,60,101,1920,502,83.5,headword,0.999,卷二上,22,0.988,approved
3D41B,ccz,C-01032,File:NLC892-312002098744-312890 說文解字 十五卷 第2冊.pdf,16,right,-0.222,963,1920,365,503,73,107,1920,502,83.5,headword,0.999,卷二上,22,0.905,approved
3D41E,ccz,C-01035,File:NLC892-312002098744-312890 說文解字 十五卷 第2冊.pdf,16,right,-0.222,963,1920,121,502,65,107,1920,502,83.5,headword,0.998,卷二上,22,0.963,approved
3D420,ccz,C-01037,File:NLC892-312002098744-312890 說文解字 十五卷 第2冊.pdf,16,left,0.042,0,963,868,515,70,97,1920,507,85.18,headword,0.969,卷二上,22,0.671,approved
3D421,ccz,C-01038,File:NLC892-312002098744-312890 說文解字 十五卷 第2冊.pdf,16,left,0.042,0,963,781,516,56,92,1920,507,85.18,headword,0.993,卷二上,22,0.957,approved
3D422,ccz,C-01039,File:NLC892-312002098744-312890 說文解字 十五卷 第2冊.pdf,16,left,0.042,0,963,692,518,65,90,1920,507,85.18,headword,1.0,卷二上,22,0.968,approved
3D423,ccz,C-01040,File:NLC892-312002098744-312890 說文解字 十五卷 第2冊.pdf,16,left,0.042,0,963,609,511,61,101,1920,507,85.18,headword,0.986,卷二上,22,0.989,approved
3D42B,ccz,C-01048,File:NLC892-312002098744-312890 說文解字 十五卷 第2冊.pdf,17,right,-0.001,962,1920,784,512,71,98,1920,504,83.58,headword,1.0,卷二上,22,0.978,approved
3D42C,ccz,C-01049,File:NLC892-312002098744-312890 說文解字 十五卷 第2冊.pdf,17,right,-0.001,962,1920,707,522,58,93,1920,504,83.58,headword,0.999,卷二上,22,0.965,approved
3D42D,ccz,C-01050,File:NLC892-312002098744-312890 說文解字 十五卷 第2冊.pdf,17,right,-0.001,962,1920,619,517,62,97,1920,504,83.58,headword,1.0,卷二上,22,0.984,approved
3D42E,ccz,C-01051,File:NLC892-312002098744-312890 說文解字 十五卷 第2冊.pdf,17,right,-0.001,962,1920,536,514,65,101,1920,504,83.58,headword,0.998,卷二上,22,0.985,approved
3D431,ccz,C-01054,File:NLC892-312002098744-312890 說文解字 十五卷 第2冊.pdf,17,right,-0.001,962,1920,365,512,66,99,1920,504,83.58,headword,1.0,卷二上,22,0.851,approved
3D432,ccz,C-01055,File:NLC892-312002098744-312890 說文解字 十五卷 第2冊.pdf,17,right,-0.001,962,1920,282,518,66,93,1920,504,83.58,headword,1.0,卷二上,22,0.977,approved
3D435,ccz,C-01058,File:NLC892-312002098744-312890 說文解字 十五卷 第2冊.pdf,17,right,-0.001,962,1920,27,515,66,98,1920,504,83.58,headword,1.0,卷二上,22,0.906,approved
3D437,ccz,C-01060,File:NLC892-312002098744-312890 說文解字 十五卷 第2冊.pdf,17,left,0.0,0,962,782,518,62,98,1920,510,85.0,headword,1.0,卷二上,22,0.979,approved
3D43B,ccz,C-01065,File:NLC892-312002098744-312890 說文解字 十五卷 第2冊.pdf,17,left,0.0,0,962,448,520,56,96,1920,510,85.0,headword,1.0,卷二上,22,0.975,approved
3D43E,ccz,C-01068,File:NLC892-312002098744-312890 說文解字 十五卷 第2冊.pdf,18,right,0.27,966,1920,787,614,67,104,1920,502,83.46,inline,1.0,卷二上,22,0.959,approved
3D440,ccz,C-01070,File:NLC892-312002098744-312890 說文解字 十五卷 第2冊.pdf,18,right,0.27,966,1920,628,612,51,105,1920,502,83.46,inline,1.0,卷二上,22,0.969,approved
3D442,ccz,C-01072,File:NLC892-312002098744-312890 說文解字 十五卷 第2冊.pdf,18,right,0.27,966,1920,454,622,58,101,1920,502,83.46,inline,0.998,卷二上,22,0.934,approved
3D443,ccz,C-01073,File:NLC892-312002098744-312890 說文解字 十五卷 第2冊.pdf,18,right,0.27,966,1920,368,617,61,104,1920,502,83.46,inline,0.999,卷二上,22,0.964,approved
3D444,ccz,C-01074,File:NLC892-312002098744-312890 說文解字 十五卷 第2冊.pdf,18,right,0.27,966,1920,284,613,63,108,1920,502,83.46,inline,1.0,卷二上,22,0.968,approved
3D446,ccz,C-01076,File:NLC892-312002098744-312890 說文解字 十五卷 第2冊.pdf,18,right,0.27,966,1920,117,615,71,109,1920,502,83.46,inline,0.998,卷二上,22,0.944,approved
3D447,ccz,C-01077,File:NLC892-312002098744-312890 說文解字 十五卷 第2冊.pdf,18,right,0.27,966,1920,35,617,55,104,1920,502,83.46,inline,0.995,卷二上,22,0.982,approved
3D44F,ccz,C-01085,File:NLC892-312002098744-312890 說文解字 十五卷 第2冊.pdf,18,left,-0.071,0,966,106,516,67,104,1920,514,85.22,headword,0.989,卷二上,24,0.813,approved
3D451,ccz,C-01087,File:NLC892-312002098744-312890 說文解字 十五卷 第2冊.pdf,19,right,0.431,963,1920,627,515,53,98,1920,509,83.3,headword,1.0,卷二上,25,0.981,approved
3D454,ccz,C-01090,File:NLC892-312002098744-312890 說文解字 十五卷 第2冊.pdf,19,right,0.431,963,1920,202,509,63,107,1920,509,83.3,headword,0.998,卷二上,26,0.949,approved
3D455,ccz,C-01091,File:NLC892-312002098744-312890 說文解字 十五卷 第2冊.pdf,19,right,0.431,963,1920,118,509,73,108,1920,509,83.3,headword,0.978,卷二上,26,0.929,approved
3D456,ccz,C-01092,File:NLC892-312002098744-312890 說文解字 十五卷 第2冊.pdf,19,right,0.431,963,1920,33,514,68,96,1920,509,83.3,headword,0.996,卷二上,26,0.968,approved
3D459,ccz,C-01095,File:NLC892-312002098744-312890 說文解字 十五卷 第2冊.pdf,19,left,-0.153,0,963,697,511,60,104,1920,508,84.28,headword,1.0,卷二上,26,0.969,approved
3D45E,ccz,C-01100,File:NLC892-312002098744-312890 說文解字 十五卷 第2冊.pdf,19,left,-0.153,0,963,273,514,68,99,1920,508,84.28,headword,0.999,卷二上,26,0.92,approved
3D45F,ccz,C-01101,File:NLC892-312002098744-312890 說文解字 十五卷 第2冊.pdf,19,left,-0.153,0,963,191,512,68,100,1920,508,84.28,headword,0.999,卷二上,26,0.925,approved
3D47A,ccz,C-01127,File:NLC892-312002098744-312890 說文解字 十五卷 第2冊.pdf,21,right,-0.392,963,1920,446,525,63,84,1920,512,83.4,headword,0.997,卷二上,26,0.936,approved
3D4AB,ccz,C-01175,File:NLC892-312002098744-312890 說文解字 十五卷 第2冊.pdf,23,left,0.397,0,966,713,525,50,88,1920,513,84.42,headword,0.998,卷二上,27,0.966,approved
3D4B1,ccz,C-01181,File:NLC892-312002098744-312890 說文解字 十五卷 第2冊.pdf,23,left,0.397,0,966,119,523,58,90,1920,513,84.42,headword,1.0,卷二上,27,0.93,approved
3D4B4,ccz,C-01184,File:NLC892-312002098744-312890 說文解字 十五卷 第2冊.pdf,24,right,0.939,960,1920,616,504,71,106,1920,501,85.14,headword,0.998,卷二上,27,0.761,approved
3D4BB,ccz,C-01191,File:NLC892-312002098744-312890 說文解字 十五卷 第2冊.pdf,24,right,0.939,960,1920,25,504,56,99,1920,501,85.14,headword,0.99,卷二上,28,0.853,approved
3D4BE,ccz,C-01194,File:NLC892-312002098744-312890 說文解字 十五卷 第2冊.pdf,24,left,-0.019,0,960,704,521,63,104,1920,516,83.54,headword,0.987,卷二上,29,0.726,approved
3D4BF,ccz,C-01195,File:NLC892-312002098744-312890 說文解字 十五卷 第2冊.pdf,24,left,-0.019,0,960,619,518,72,103,1920,516,83.54,headword,0.991,卷二上,29,0.822,approved
3D4C0,ccz,C-01196,File:NLC892-312002098744-312890 說文解字 十五卷 第2冊.pdf,24,left,-0.019,0,960,368,525,75,100,1920,516,83.54,headword,0.978,卷二上,30,0.754,approved
3D4C3,ccz,C-01199,File:NLC892-312002098744-312890 說文解字 十五卷 第2冊.pdf,25,right,0.494,959,1920,792,615,59,97,1920,508,83.12,inline,0.968,卷二上,30,0.938,approved
3D4C4,ccz,C-01200,File:NLC892-312002098744-312890 說文解字 十五卷 第2冊.pdf,25,left,-0.571,0,959,612,533,56,74,1920,516,84.96,headword,0.987,卷二下,31,0.959,approved
3D4CE,ccz,C-01210,File:NLC892-312002098744-312890 說文解字 十五卷 第2冊.pdf,26,right,0.036,961,1920,277,515,66,101,1920,510,83.06,headword,1.0,卷二下,33,0.935,approved
3D4DB,ccz,C-01222,File:NLC892-312002098744-312890 說文解字 十五卷 第2冊.pdf,26,left,-0.954,0,961,434,1110,73,102,1920,507,82.92,inline,0.998,卷二下,33,0.926,approved
3D4E3,ccz,C-01230,File:NLC892-312002098744-312890 說文解字 十五卷 第2冊.pdf,27,right,-0.958,960,1920,619,521,60,97,1920,513,82.64,headword,1.0,卷二下,33,0.938,approved
3D4E5,ccz,C-01232,File:NLC892-312002098744-312890 說文解字 十五卷 第2冊.pdf,27,right,-0.958,960,1920,531,516,64,102,1920,513,82.64,headword,0.999,卷二下,33,0.936,approved
3D4EA,ccz,C-01237,File:NLC892-312002098744-312890 說文解字 十五卷 第2冊.pdf,27,right,-0.958,960,1920,114,516,64,102,1920,513,82.64,headword,1.0,卷二下,33,0.934,approved
3D4EB,ccz,C-01238,File:NLC892-312002098744-312890 說文解字 十五卷 第2冊.pdf,27,right,-0.958,960,1920,30,520,64,93,1920,513,82.64,headword,1.0,卷二下,33,0.945,approved
3D4EE,ccz,C-01241,File:NLC892-312002098744-312890 說文解字 十五卷 第2冊.pdf,27,left,-0.079,0,960,704,517,66,99,1920,509,83.14,headword,0.994,卷二下,33,0.941,approved
3D4F3,ccz,C-01246,File:NLC892-312002098744-312890 說文解字 十五卷 第2冊.pdf,27,left,-0.079,0,960,283,517,63,99,1920,509,83.14,headword,1.0,卷二下,33,0.971,approved
3D4F6,ccz,C-01249,File:NLC892-312002098744-312890 說文解字 十五卷 第2冊.pdf,27,left,-0.079,0,960,120,524,67,92,1920,509,83.14,headword,1.0,卷二下,33,0.961,approved
3D4F8,ccz,C-01251,File:NLC892-312002098744-312890 說文解字 十五卷 第2冊.pdf,28,right,0.264,960,1920,704,516,65,96,1920,504,83.14,headword,0.999,卷二下,33,0.97,approved
3D4FC,ccz,C-01255,File:NLC892-312002098744-312890 說文解字 十五卷 第2冊.pdf,28,right,0.264,960,1920,366,513,71,97,1920,504,83.14,headword,0.998,卷二下,33,0.907,approved
3D4FD,ccz,C-01256,File:NLC892-312002098744-312890 說文解字 十五卷 第2冊.pdf,28,right,0.264,960,1920,282,513,68,100,1920,504,83.14,headword,1.0,卷二下,33,0.954,approved
3D4FE,ccz,C-01257,File:NLC892-312002098744-312890 說文解字 十五卷 第2冊.pdf,28,right,0.264,960,1920,199,514,66,97,1920,504,83.14,headword,0.996,卷二下,33,0.935,approved
3D500,ccz,C-01259,File:NLC892-312002098744-312890 說文解字 十五卷 第2冊.pdf,28,right,0.264,960,1920,33,516,63,88,1920,504,83.14,headword,0.98,卷二下,33,0.936,approved
3D501,ccz,C-01260,File:NLC892-312002098744-312890 說文解字 十五卷 第2冊.pdf,28,left,-0.465,0,960,860,507,67,98,1920,501,83.14,headword,1.0,卷二下,33,0.921,approved
3D502,ccz,C-01261,File:NLC892-312002098744-312890 說文解字 十五卷 第2冊.pdf,28,left,-0.465,0,960,778,505,64,99,1920,501,83.14,headword,0.999,卷二下,33,0.922,approved
3D50A,ccz,C-01268,File:NLC892-312002098744-312890 說文解字 十五卷 第2冊.pdf,28,left,-0.465,0,960,441,507,63,100,1920,501,83.14,headword,1.0,卷二下,33,0.954,approved
3D50B,ccz,C-01269,File:NLC892-312002098744-312890 說文解字 十五卷 第2冊.pdf,28,left,-0.465,0,960,356,507,66,100,1920,501,83.14,headword,1.0,卷二下,33,0.95,approved
3D50C,ccz,C-01270,File:NLC892-312002098744-312890 說文解字 十五卷 第2冊.pdf,28,left,-0.465,0,960,272,510,69,97,1920,501,83.14,headword,1.0,卷二下,33,0.914,approved
3D50D,ccz,C-01271,File:NLC892-312002098744-312890 說文解字 十五卷 第2冊.pdf,28,left,-0.465,0,960,191,512,69,93,1920,501,83.14,headword,0.998,卷二下,33,0.961,approved
3D50F,ccz,C-01273,File:NLC892-312002098744-312890 說文解字 十五卷 第2冊.pdf,29,right,-0.613,958,1920,776,525,67,93,1920,510,83.0,headword,0.997,卷二下,33,0.979,approved
3D510,ccz,C-01274,File:NLC892-312002098744-312890 說文解字 十五卷 第2冊.pdf,29,right,-0.613,958,1920,694,520,67,96,1920,510,83.0,headword,0.997,卷二下,33,0.923,approved
3D511,ccz,C-01275,File:NLC892-312002098744-312890 說文解字 十五卷 第2冊.pdf,29,right,-0.613,958,1920,610,519,67,98,1920,510,83.0,headword,0.999,卷二下,33,0.956,approved
3D513,ccz,C-01277,File:NLC892-312002098744-312890 說文解字 十五卷 第2冊.pdf,29,right,-0.613,958,1920,526,516,65,101,1920,510,83.0,headword,0.999,卷二下,33,0.93,approved
3D514,ccz,C-01278,File:NLC892-312002098744-312890 說文解字 十五卷 第2冊.pdf,29,right,-0.613,958,1920,441,517,69,99,1920,510,83.0,headword,1.0,卷二下,33,0.906,approved
3D515,ccz,C-01279,File:NLC892-312002098744-312890 說文解字 十五卷 第2冊.pdf,29,right,-0.613,958,1920,359,516,68,102,1920,510,83.0,headword,1.0,卷二下,33,0.978,approved
3D516,ccz,C-01280,File:NLC892-312002098744-312890 說文解字 十五卷 第2冊.pdf,29,right,-0.613,958,1920,274,521,67,98,1920,510,83.0,headword,1.0,卷二下,33,0.91,approved
3D51D,ccz,C-01287,File:NLC892-312002098744-312890 說文解字 十五卷 第2冊.pdf,29,left,-0.26,0,958,691,517,67,87,1920,509,82.98,headword,0.996,卷二下,33,0.935,approved
3D51F,ccz,C-01289,File:NLC892-312002098744-312890 說文解字 十五卷 第2冊.pdf,29,left,-0.26,0,958,522,516,64,97,1920,509,82.98,headword,0.999,卷二下,33,0.96,approved
3D521,ccz,C-01291,File:NLC892-312002098744-312890 說文解字 十五卷 第2冊.pdf,29,left,-0.26,0,958,438,517,64,93,1920,509,82.98,headword,0.998,卷二下,33,0.954,approved
3D523,ccz,C-01293,File:NLC892-312002098744-312890 說文解字 十五卷 第2冊.pdf,29,left,-0.26,0,958,271,518,72,97,1920,509,82.98,headword,1.0,卷二下,33,0.964,approved
3D524,ccz,C-01294,File:NLC892-312002098744-312890 說文解字 十五卷 第2冊.pdf,29,left,-0.26,0,958,188,515,68,100,1920,509,82.98,headword,1.0,卷二下,33,0.976,approved
3D525,ccz,C-01295,File:NLC892-312002098744-312890 說文解字 十五卷 第2冊.pdf,29,left,-0.26,0,958,104,513,67,105,1920,509,82.98,headword,1.0,卷二下,33,0.924,approved
3D529,ccz,C-01299,File:NLC892-312002098744-312890 說文解字 十五卷 第2冊.pdf,30,right,-0.125,960,1920,607,515,65,101,1920,509,83.94,headword,1.0,卷二下,33,0.971,approved
3D52A,ccz,C-01300,File:NLC892-312002098744-312890 說文解字 十五卷 第2冊.pdf,30,right,-0.125,960,1920,605,1550,65,99,1920,509,83.94,inline,1.0,卷二下,33,0.953,approved
3D52D,ccz,C-01303,File:NLC892-312002098744-312890 說文解字 十五卷 第2冊.pdf,30,right,-0.125,960,1920,271,517,66,99,1920,509,83.94,headword,0.999,卷二下,33,0.933,approved
3D52E,ccz,C-01304,File:NLC892-312002098744-312890 說文解字 十五卷 第2冊.pdf,30,right,-0.125,960,1920,187,519,63,97,1920,509,83.94,headword,1.0,卷二下,33,0.954,approved
3D52F,ccz,C-01305,File:NLC892-312002098744-312890 說文解字 十五卷 第2冊.pdf,30,right,-0.125,960,1920,104,515,63,103,1920,509,83.94,headword,0.999,卷二下,33,0.978,approved
3D537,ccz,C-01313,File:NLC892-312002098744-312890 說文解字 十五卷 第2冊.pdf,30,left,-0.213,0,960,445,522,65,97,1920,518,83.54,headword,1.0,卷二下,33,0.93,approved
3D538,ccz,C-01314,File:NLC892-312002098744-312890 說文解字 十五卷 第2冊.pdf,30,left,-0.213,0,960,365,519,62,99,1920,518,83.54,headword,0.999,卷二下,33,0.971,approved
3D541,ccz,C-01323,File:NLC892-312002098744-312890 說文解字 十五卷 第2冊.pdf,31,right,0.134,960,1920,613,514,61,104,1920,510,82.74,headword,1.0,卷二下,33,0.927,approved
3D542,ccz,C-01324,File:NLC892-312002098744-312890 說文解字 十五卷 第2冊.pdf,31,right,0.134,960,1920,530,520,60,86,1920,510,82.74,headword,0.997,卷二下,33,0.942,approved
3D544,ccz,C-01326,File:NLC892-312002098744-312890 說文解字 十五卷 第2冊.pdf,31,right,0.134,960,1920,361,517,68,96,1920,510,82.74,headword,0.999,卷二下,33,0.957,approved
3D546,ccz,C-01328,File:NLC892-312002098744-312890 說文解字 十五卷 第2冊.pdf,31,right,0.134,960,1920,278,510,69,105,1920,510,82.74,headword,0.999,卷二下,33,0.928,approved
3D547,ccz,C-01329,File:NLC892-312002098744-312890 說文解字 十五卷 第2冊.pdf,31,right,0.134,960,1920,191,512,65,103,1920,510,82.74,headword,1.0,卷二下,33,0.954,approved
3D554,ccz,C-01341,File:NLC892-312002098744-312890 說文解字 十五卷 第2冊.pdf,32,right,0.139,957,1920,772,513,61,120,1920,508,83.58,headword,1.0,卷二下,33,0.958,approved
3D55F,ccz,C-01352,File:NLC892-312002098744-312890 說文解字 十五卷 第2冊.pdf,32,left,0.016,0,957,865,509,65,104,1920,504,83.6,headword,1.0,卷二下,33,0.938,approved
3D563,ccz,C-01356,File:NLC892-312002098744-312890 說文解字 十五卷 第2冊.pdf,32,left,0.016,0,957,609,507,74,105,1920,504,83.6,headword,0.999,卷二下,33,0.917,approved
3D566,ccz,C-01359,File:NLC892-312002098744-312890 說文解字 十五卷 第2冊.pdf,32,left,0.016,0,957,275,622,63,98,1920,504,83.6,inline,1.0,卷二下,33,0.964,approved
3D568,ccz,C-01361,File:NLC892-312002098744-312890 說文解字 十五卷 第2冊.pdf,32,left,0.016,0,957,106,623,69,101,1920,504,83.6,inline,1.0,卷二下,33,0.908,approved
3D569,ccz,C-01362,File:NLC892-312002098744-312890 說文解字 十五卷 第2冊.pdf,33,right,-0.176,957,1920,772,623,72,102,1920,505,83.78,inline,1.0,卷二下,33,0.974,approved
3D56A,ccz,C-01363,File:NLC892-312002098744-312890 說文解字 十五卷 第2冊.pdf,33,right,-0.176,957,1920,688,620,68,103,1920,505,83.78,inline,1.0,卷二下,33,0.978,approved
3D56B,ccz,C-01364,File:NLC892-312002098744-312890 說文解字 十五卷 第2冊.pdf,33,right,-0.176,957,1920,605,625,66,105,1920,505,83.78,inline,0.999,卷二下,33,0.946,approved
3D56E,ccz,C-01367,File:NLC892-312002098744-312890 說文解字 十五卷 第2冊.pdf,33,right,-0.176,957,1920,354,627,64,89,1920,505,83.78,inline,0.981,卷二下,33,0.955,approved
3D56F,ccz,C-01368,File:NLC892-312002098744-312890 說文解字 十五卷 第2冊.pdf,33,right,-0.176,957,1920,273,623,68,105,1920,505,83.78,inline,1.0,卷二下,33,0.956,approved
3D570,ccz,C-01369,File:NLC892-312002098744-312890 說文解字 十五卷 第2冊.pdf,33,right,-0.176,957,1920,187,625,62,95,1920,505,83.78,inline,0.999,卷二下,33,0.923,approved
3D572,ccz,C-01371,File:NLC892-312002098744-312890 說文解字 十五卷 第2冊.pdf,33,left,-0.527,0,957,867,508,57,101,1920,501,83.1,headword,0.97,卷二下,34,0.958,approved
3D574,ccz,C-01373,File:NLC892-312002098744-312890 說文解字 十五卷 第2冊.pdf,33,left,-0.527,0,957,698,512,60,96,1920,501,83.1,headword,1.0,卷二下,34,0.949,approved
3D57A,ccz,C-01379,File:NLC892-312002098744-312890 說文解字 十五卷 第2冊.pdf,33,left,-0.527,0,957,277,506,65,99,1920,501,83.1,headword,0.999,卷二下,34,0.959,approved
3D57C,ccz,C-01381,File:NLC892-312002098744-312890 說文解字 十五卷 第2冊.pdf,33,left,-0.527,0,957,110,508,64,98,1920,501,83.1,headword,1.0,卷二下,34,0.945,approved
3D589,ccz,C-01394,File:NLC892-312002098744-312890 說文解字 十五卷 第2冊.pdf,34,left,-0.02,0,954,771,513,63,100,1920,508,84.76,headword,1.0,卷二下,34,0.97,approved
3D590,ccz,C-01401,File:NLC892-312002098744-312890 說文解字 十五卷 第2冊.pdf,34,left,-0.02,0,954,268,516,63,99,1920,508,84.76,headword,0.999,卷二下,34,0.947,approved
3D599,ccz,C-01410,File:NLC892-312002098744-312890 說文解字 十五卷 第2冊.pdf,35,right,0.037,959,1920,352,515,66,101,1920,509,83.22,headword,0.999,卷二下,34,0.95,approved
3D59A,ccz,C-01411,File:NLC892-312002098744-312890 說文解字 十五卷 第2冊.pdf,35,right,0.037,959,1920,270,517,70,99,1920,509,83.22,headword,0.999,卷二下,34,0.958,approved
3D59B,ccz,C-01412,File:NLC892-312002098744-312890 說文解字 十五卷 第2冊.pdf,35,right,0.037,959,1920,268,1553,66,97,1920,509,83.22,inline,0.998,卷二下,34,0.921,approved
3D59E,ccz,C-01415,File:NLC892-312002098744-312890 說文解字 十五卷 第2冊.pdf,35,left,-0.56,0,959,778,507,70,106,1920,505,83.86,headword,0.996,卷二下,35,0.862,approved
3D5A2,ccz,C-01419,File:NLC892-312002098744-312890 說文解字 十五卷 第2冊.pdf,35,left,-0.56,0,959,359,511,73,100,1920,505,83.86,headword,0.993,卷二下,36,0.858,approved
3D5A3,ccz,C-01420,File:NLC892-312002098744-312890 說文解字 十五卷 第2冊.pdf,35,left,-0.56,0,959,192,508,70,105,1920,505,83.86,headword,0.999,卷二下,37,0.926,approved
3D5A4,ccz,C-01421,File:NLC892-312002098744-312890 說文解字 十五卷 第2冊.pdf,35,left,-0.56,0,959,108,512,73,99,1920,505,83.86,headword,0.997,卷二下,37,0.911,approved
3D5A5,ccz,C-01422,File:NLC892-312002098744-312890 說文解字 十五卷 第2冊.pdf,36,right,-0.371,956,1920,780,516,71,100,1920,513,84.26,headword,0.999,卷二下,37,0.978,approved
3D5A6,ccz,C-01423,File:NLC892-312002098744-312890 說文解字 十五卷 第2冊.pdf,36,right,-0.371,956,1920,692,522,64,108,1920,513,84.26,headword,0.998,卷二下,37,0.834,approved
3D5AA,ccz,C-01427,File:NLC892-312002098744-312890 說文解字 十五卷 第2冊.pdf,36,right,-0.371,956,1920,357,517,72,100,1920,513,84.26,headword,0.999,卷二下,37,0.892,approved
3D5B0,ccz,C-01433,File:NLC892-312002098744-312890 說文解字 十五卷 第2冊.pdf,36,left,0.135,0,956,790,514,47,92,1920,511,84.12,headword,1.0,卷二下,38,0.954,approved
3D5B6,ccz,C-01438,File:NLC892-312002098744-312890 說文解字 十五卷 第2冊.pdf,36,left,0.135,0,956,275,520,73,90,1920,511,84.12,headword,0.996,卷二下,38,0.963,approved
3D5D8,ccz,C-01472,File:NLC892-312002098744-312890 說文解字 十五卷 第2冊.pdf,38,left,0.163,0,957,615,519,70,85,1920,510,82.7,headword,0.998,卷二下,38,0.946,approved
3D5DF,ccz,C-01479,File:NLC892-312002098744-312890 說文解字 十五卷 第2冊.pdf,39,right,0.369,960,1920,687,620,68,106,1920,508,83.24,inline,1.0,卷二下,38,0.906,approved
3D5E4,ccz,C-01484,File:NLC892-312002098744-312890 說文解字 十五卷 第2冊.pdf,39,right,0.369,960,1920,188,1108,75,101,1920,508,83.24,inline,1.0,卷二下,39,0.967,approved
3D5E5,ccz,C-01485,File:NLC892-312002098744-312890 說文解字 十五卷 第2冊.pdf,39,right,0.369,960,1920,29,522,55,84,1920,508,83.24,headword,0.999,卷二下,40,0.952,approved
3D5E9,ccz,C-01489,File:NLC892-312002098744-312890 說文解字 十五卷 第2冊.pdf,39,left,-0.816,0,960,622,520,61,90,1920,507,83.74,headword,0.998,卷二下,40,0.856,approved
3D5EC,ccz,C-01492,File:NLC892-312002098744-312890 說文解字 十五卷 第2冊.pdf,39,left,-0.816,0,960,366,512,64,102,1920,507,83.74,headword,0.999,卷二下,40,0.948,approved
3D5FB,ccz,C-01506,File:NLC892-312002098744-312890 說文解字 十五卷 第2冊.pdf,40,left,-0.299,0,958,877,528,61,98,1920,521,83.08,headword,1.0,卷二下,40,0.925,approved
3D5FC,ccz,C-01507,File:NLC892-312002098744-312890 說文解字 十五卷 第2冊.pdf,40,left,-0.299,0,958,789,526,68,99,1920,521,83.08,headword,1.0,卷二下,40,0.916,approved
3D5FD,ccz,C-01508,File:NLC892-312002098744-312890 說文解字 十五卷 第2冊.pdf,40,left,-0.299,0,958,709,529,65,95,1920,521,83.08,headword,0.998,卷二下,40,0.936,approved
3D5FF,ccz,C-01510,File:NLC892-312002098744-312890 說文解字 十五卷 第2冊.pdf,40,left,-0.299,0,958,537,526,71,99,1920,521,83.08,headword,0.999,卷二下,40,0.901,approved
3D600,ccz,C-01511,File:NLC892-312002098744-312890 說文解字 十五卷 第2冊.pdf,40,left,-0.299,0,958,448,529,73,98,1920,521,83.08,headword,0.999,卷二下,40,0.932,approved
3D601,ccz,C-01512,File:NLC892-312002098744-312890 說文解字 十五卷 第2冊.pdf,40,left,-0.299,0,958,372,524,62,103,1920,521,83.08,headword,0.999,卷二下,40,0.927,approved
3D602,ccz,C-01513,File:NLC892-312002098744-312890 說文解字 十五卷 第2冊.pdf,40,left,-0.299,0,958,288,532,67,94,1920,521,83.08,headword,0.994,卷二下,40,0.909,approved
3D604,ccz,C-01515,File:NLC892-312002098744-312890 說文解字 十五卷 第2冊.pdf,40,left,-0.299,0,958,116,534,71,79,1920,521,83.08,headword,0.999,卷二下,40,0.819,approved
3D606,ccz,C-01517,File:NLC892-312002098744-312890 說文解字 十五卷 第2冊.pdf,41,right,0.338,960,1920,692,524,59,97,1920,518,83.54,headword,1.0,卷二下,40,0.911,approved
3D610,ccz,C-01527,File:NLC892-312002098744-312890 說文解字 十五卷 第2冊.pdf,41,left,0.074,0,960,705,527,69,93,1920,517,83.34,headword,0.999,卷二下,40,0.973,approved
3D612,ccz,C-01529,File:NLC892-312002098744-312890 說文解字 十五卷 第2冊.pdf,41,left,0.074,0,960,537,530,70,93,1920,517,83.34,headword,1.0,卷二下,40,0.918,approved
3D614,ccz,C-01531,File:NLC892-312002098744-312890 說文解字 十五卷 第2冊.pdf,41,left,0.074,0,960,372,526,67,98,1920,517,83.34,headword,1.0,卷二下,40,0.836,approved
3D61D,ccz,C-01540,File:NLC892-312002098744-312890 說文解字 十五卷 第2冊.pdf,42,right,0.424,957,1920,354,519,66,98,1920,511,83.08,headword,0.999,卷二下,40,0.936,approved
3D621,ccz,C-01544,File:NLC892-312002098744-312890 說文解字 十五卷 第2冊.pdf,42,right,0.424,957,1920,22,520,64,94,1920,511,83.08,headword,1.0,卷二下,40,0.922,approved
3D62A,ccz,C-01553,File:NLC892-312002098744-312890 說文解字 十五卷 第2冊.pdf,42,left,-0.672,0,957,196,510,68,105,1920,508,83.5,headword,0.99,卷二下,40,0.561,approved
3D633,ccz,C-01561,File:NLC892-312002098744-312890 說文解字 十五卷 第2冊.pdf,43,right,-0.024,959,1920,191,527,66,74,1920,510,83.32,headword,0.968,卷二下,40,0.967,approved
3D63D,ccz,C-01571,File:NLC892-312002098744-312890 說文解字 十五卷 第2冊.pdf,43,left,-0.484,0,959,453,503,63,103,1920,498,82.66,headword,0.999,卷二下,40,0.958,approved
3D641,ccz,C-01575,File:NLC892-312002098744-312890 說文解字 十五卷 第2冊.pdf,44,right,0.201,958,1920,775,613,69,94,1920,497,83.7,inline,1.0,卷二下,40,0.92,approved
3D642,ccz,C-01576,File:NLC892-312002098744-312890 說文解字 十五卷 第2冊.pdf,44,right,0.201,958,1920,691,611,69,93,1920,497,83.7,inline,1.0,卷二下,40,0.924,approved
3D644,ccz,C-01578,File:NLC892-312002098744-312890 說文解字 十五卷 第2冊.pdf,44,right,0.201,958,1920,528,611,63,99,1920,497,83.7,inline,0.999,卷二下,40,0.948,approved
3D645,ccz,C-01579,File:NLC892-312002098744-312890 說文解字 十五卷 第2冊.pdf,44,right,0.201,958,1920,445,607,58,107,1920,497,83.7,inline,0.986,卷二下,40,0.945,approved
3D647,ccz,C-01581,File:NLC892-312002098744-312890 說文解字 十五卷 第2冊.pdf,44,right,0.201,958,1920,203,504,50,89,1920,497,83.7,headword,0.997,卷二下,41,0.963,approved
3D64A,ccz,C-01584,File:NLC892-312002098744-312890 說文解字 十五卷 第2冊.pdf,44,left,0.265,0,958,628,526,53,78,1920,513,83.68,headword,0.999,卷二下,42,0.954,approved
3D655,ccz,C-01595,File:NLC892-312002098744-312890 說文解字 十五卷 第2冊.pdf,45,right,0.555,959,1920,194,511,67,100,1920,504,83.42,headword,0.999,卷二下,44,0.859,approved
3D657,ccz,C-01597,File:NLC892-312002098744-312890 說文解字 十五卷 第2冊.pdf,45,right,0.555,959,1920,18,510,73,101,1920,504,83.42,headword,0.998,卷二下,44,0.726,approved
3D4CF,ccz,C-01211,File:NLC892-312002098744-312890 說文解字 十五卷 第2冊.pdf,26,right,0.036,961,1920,275,1111,76,107,1920,510,83.06,inline,0.994,卷二下,33,0.789,approved
3D4D3,ccz,C-01215,File:NLC892-312002098744-312890 說文解字 十五卷 第2冊.pdf,26,left,-0.954,0,961,860,512,63,100,1920,507,82.92,headword,1.0,卷二下,33,0.882,approved
3D4DC,ccz,C-01223,File:NLC892-312002098744-312890 說文解字 十五卷 第2冊.pdf,26,left,-0.954,0,961,354,515,69,99,1920,507,82.92,headword,1.0,卷二下,33,0.889,approved
3D4DF,ccz,C-01226,File:NLC892-312002098744-312890 說文解字 十五卷 第2冊.pdf,26,left,-0.954,0,961,108,505,67,116,1920,507,82.92,headword,0.999,卷二下,33,0.891,approved
3D4E6,ccz,C-01233,File:NLC892-312002098744-312890 說文解字 十五卷 第2冊.pdf,27,right,-0.958,960,1920,447,519,66,91,1920,513,82.64,headword,0.999,卷二下,33,0.896,approved
3D4E7,ccz,C-01234,File:NLC892-312002098744-312890 說文解字 十五卷 第2冊.pdf,27,right,-0.958,960,1920,365,520,65,99,1920,513,82.64,headword,0.999,卷二下,33,0.846,approved
3D4ED,ccz,C-01240,File:NLC892-312002098744-312890 說文解字 十五卷 第2冊.pdf,27,left,-0.079,0,960,785,514,69,101,1920,509,83.14,headword,0.999,卷二下,33,0.895,approved
3D4F9,ccz,C-01252,File:NLC892-312002098744-312890 說文解字 十五卷 第2冊.pdf,28,right,0.264,960,1920,620,517,67,92,1920,504,83.14,headword,0.986,卷二下,33,0.886,approved
3D4FB,ccz,C-01254,File:NLC892-312002098744-312890 說文解字 十五卷 第2冊.pdf,28,right,0.264,960,1920,451,513,67,108,1920,504,83.14,headword,0.997,卷二下,33,0.817,approved
3D53A,ccz,C-01316,File:NLC892-312002098744-312890 說文解字 十五卷 第2冊.pdf,30,left,-0.213,0,960,271,525,73,101,1920,518,83.54,headword,0.999,卷二下,33,0.894,approved
3D53B,ccz,C-01317,File:NLC892-312002098744-312890 說文解字 十五卷 第2冊.pdf,30,left,-0.213,0,960,187,518,73,108,1920,518,83.54,headword,0.957,卷二下,33,0.881,approved
3D53C,ccz,C-01318,File:NLC892-312002098744-312890 說文解字 十五卷 第2冊.pdf,30,left,-0.213,0,960,105,526,71,93,1920,518,83.54,headword,0.999,卷二下,33,0.853,approved
3D552,ccz,C-01339,File:NLC892-312002098744-312890 說文解字 十五卷 第2冊.pdf,31,left,0.114,0,960,276,511,72,97,1920,511,84.14,headword,0.999,卷二下,33,0.828,approved
3D553,ccz,C-01340,File:NLC892-312002098744-312890 說文解字 十五卷 第2冊.pdf,31,left,0.114,0,960,110,513,72,106,1920,511,84.14,headword,1.0,卷二下,33,0.871,approved
3D556,ccz,C-01343,File:NLC892-312002098744-312890 說文解字 十五卷 第2冊.pdf,32,right,0.139,957,1920,690,528,67,74,1920,508,83.58,headword,0.998,卷二下,33,0.864,approved
3D558,ccz,C-01345,File:NLC892-312002098744-312890 說文解字 十五卷 第2冊.pdf,32,right,0.139,957,1920,604,508,75,111,1920,508,83.58,headword,0.308,卷二下,33,0.503,approved
3D55D,ccz,C-01350,File:NLC892-312002098744-312890 說文解字 十五卷 第2冊.pdf,32,right,0.139,957,1920,101,515,62,90,1920,508,83.58,headword,1.0,卷二下,33,0.894,approved
3D565,ccz,C-01358,File:NLC892-312002098744-312890 說文解字 十五卷 第2冊.pdf,32,left,0.016,0,957,358,625,72,101,1920,504,83.6,inline,0.998,卷二下,33,0.854,approved
3D567,ccz,C-01360,File:NLC892-312002098744-312890 說文解字 十五卷 第2冊.pdf,32,left,0.016,0,957,194,625,66,99,1920,504,83.6,inline,0.998,卷二下,33,0.889,approved
3D56C,ccz,C-01365,File:NLC892-312002098744-312890 說文解字 十五卷 第2冊.pdf,33,right,-0.176,957,1920,521,624,73,102,1920,505,83.78,inline,0.995,卷二下,33,0.871,approved
3D56D,ccz,C-01366,File:NLC892-312002098744-312890 說文解字 十五卷 第2冊.pdf,33,right,-0.176,957,1920,437,627,73,100,1920,505,83.78,inline,0.99,卷二下,33,0.893,approved
3D573,ccz,C-01372,File:NLC892-312002098744-312890 說文解字 十五卷 第2冊.pdf,33,left,-0.527,0,957,771,503,75,106,1920,501,83.1,headword,0.967,卷二下,34,0.851,approved
3D57F,ccz,C-01384,File:NLC892-312002098744-312890 說文解字 十五卷 第2冊.pdf,34,right,-0.575,954,1920,602,518,74,100,1920,509,83.12,headword,0.996,卷二下,34,0.746,approved
3D581,ccz,C-01386,File:NLC892-312002098744-312890 說文解字 十五卷 第2冊.pdf,34,right,-0.575,954,1920,443,513,65,103,1920,509,83.12,headword,0.997,卷二下,34,0.874,approved
3D588,ccz,C-01393,File:NLC892-312002098744-312890 說文解字 十五卷 第2冊.pdf,34,left,-0.02,0,954,861,1054,71,104,1920,508,84.76,inline,0.997,卷二下,34,0.869,approved
3D5A0,ccz,C-01417,File:NLC892-312002098744-312890 說文解字 十五卷 第2冊.pdf,35,left,-0.56,0,959,612,505,71,108,1920,505,83.86,headword,0.93,卷二下,35,0.896,approved
3D5CA,ccz,C-01458,File:NLC892-312002098744-312890 說文解字 十五卷 第2冊.pdf,37,left,-0.089,0,955,185,513,73,108,1920,513,83.94,headword,0.996,卷二下,38,0.885,approved
3D5D5,ccz,C-01469,File:NLC892-312002098744-312890 說文解字 十五卷 第2冊.pdf,38,right,-0.185,957,1920,17,514,74,101,1920,512,83.08,headword,0.997,卷二下,38,0.567,approved
3D607,ccz,C-01518,File:NLC892-312002098744-312890 說文解字 十五卷 第2冊.pdf,41,right,0.338,960,1920,606,543,62,64,1920,518,83.54,headword,0.999,卷二下,40,0.713,approved
3D664,ccz,C-01610,File:NLC892-312002098744-312890 說文解字 十五卷 第2冊.pdf,47,left,0.001,0,959,883,518,63,97,1920,511,83.16,headword,0.998,卷三上,47,0.861,approved
3D67A,ccz,C-01632,File:NLC892-312002098744-312890 說文解字 十五卷 第2冊.pdf,48,left,-1.002,0,960,290,502,62,104,1920,496,82.54,headword,1.0,卷三上,52,0.954,approved
3D67B,ccz,C-01633,File:NLC892-312002098744-312890 說文解字 十五卷 第2冊.pdf,48,left,-1.002,0,960,127,503,53,89,1920,496,82.54,headword,0.998,卷三上,53,0.969,approved
3D680,ccz,C-01638,File:NLC892-312002098744-312890 說文解字 十五卷 第2冊.pdf,49,right,-0.727,954,1920,280,508,52,98,1920,499,82.92,headword,1.0,卷三上,54,0.98,approved
3D683,ccz,C-01641,File:NLC892-312002098744-312890 說文解字 十五卷 第2冊.pdf,49,right,-0.727,954,1920,17,504,71,104,1920,499,82.92,headword,0.999,卷三上,54,0.906,approved
3D685,ccz,C-01643,File:NLC892-312002098744-312890 說文解字 十五卷 第2冊.pdf,49,left,0.046,0,954,785,521,65,71,1920,508,83.36,headword,0.966,卷三上,54,0.981,approved
3D688,ccz,C-01646,File:NLC892-312002098744-312890 說文解字 十五卷 第2冊.pdf,49,left,0.046,0,954,448,523,64,81,1920,508,83.36,headword,0.598,卷三上,55,0.981,approved
3D689,ccz,C-01647,File:NLC892-312002098744-312890 說文解字 十五卷 第2冊.pdf,49,left,0.046,0,954,284,525,61,90,1920,508,83.36,headword,0.999,卷三上,56,0.973,approved
3D68D,ccz,C-01651,File:NLC892-312002098744-312890 說文解字 十五卷 第2冊.pdf,50,right,0.895,955,1920,609,506,65,104,1920,498,83.14,headword,0.999,卷三上,56,0.902,approved
3D68F,ccz,C-01653,File:NLC892-312002098744-312890 說文解字 十五卷 第2冊.pdf,50,right,0.895,955,1920,442,507,67,102,1920,498,83.14,headword,1.0,卷三上,56,0.915,approved
3D691,ccz,C-01655,File:NLC892-312002098744-312890 說文解字 十五卷 第2冊.pdf,50,right,0.895,955,1920,276,506,66,104,1920,498,83.14,headword,0.997,卷三上,56,0.956,approved
3D693,ccz,C-01657,File:NLC892-312002098744-312890 說文解字 十五卷 第2冊.pdf,50,right,0.895,955,1920,105,505,65,106,1920,498,83.14,headword,0.999,卷三上,56,0.918,approved
3D697,ccz,C-01661,File:NLC892-312002098744-312890 說文解字 十五卷 第2冊.pdf,50,left,-0.439,0,955,699,515,68,104,1920,509,83.54,headword,1.0,卷三上,56,0.921,approved
3D698,ccz,C-01662,File:NLC892-312002098744-312890 說文解字 十五卷 第2冊.pdf,50,left,-0.439,0,955,617,515,64,104,1920,509,83.54,headword,0.999,卷三上,56,0.968,approved
3D69A,ccz,C-01664,File:NLC892-312002098744-312890 說文解字 十五卷 第2冊.pdf,50,left,-0.439,0,955,527,516,70,97,1920,509,83.54,headword,0.999,卷三上,56,0.937,approved
3D69B,ccz,C-01665,File:NLC892-312002098744-312890 說文解字 十五卷 第2冊.pdf,50,left,-0.439,0,955,443,522,69,89,1920,509,83.54,headword,0.997,卷三上,56,0.963,approved
3D69C,ccz,C-01666,File:NLC892-312002098744-312890 說文解字 十五卷 第2冊.pdf,50,left,-0.439,0,955,360,514,64,105,1920,509,83.54,headword,0.999,卷三上,56,0.964,approved
3D69D,ccz,C-01667,File:NLC892-312002098744-312890 說文解字 十五卷 第2冊.pdf,50,left,-0.439,0,955,275,509,72,111,1920,509,83.54,headword,0.998,卷三上,56,0.911,approved
3D6A2,ccz,C-01672,File:NLC892-312002098744-312890 說文解字 十五卷 第2冊.pdf,51,right,-0.028,954,1920,611,514,56,101,1920,508,83.32,headword,0.998,卷三上,56,0.937,approved
3D6A5,ccz,C-01675,File:NLC892-312002098744-312890 說文解字 十五卷 第2冊.pdf,51,right,-0.028,954,1920,354,513,68,104,1920,508,83.32,headword,1.0,卷三上,56,0.925,approved
3D6A6,ccz,C-01676,File:NLC892-312002098744-312890 說文解字 十五卷 第2冊.pdf,51,right,-0.028,954,1920,273,525,66,90,1920,508,83.32,headword,0.996,卷三上,56,0.907,approved
3D6AF,ccz,C-01684,File:NLC892-312002098744-312890 說文解字 十五卷 第2冊.pdf,51,left,-0.509,0,954,697,509,70,103,1920,504,84.16,headword,1.0,卷三上,56,0.908,approved
3D6B4,ccz,C-01689,File:NLC892-312002098744-312890 說文解字 十五卷 第2冊.pdf,51,left,-0.509,0,954,273,504,72,104,1920,504,84.16,headword,0.999,卷三上,56,0.92,approved
3D6B8,ccz,C-01693,File:NLC892-312002098744-312890 說文解字 十五卷 第2冊.pdf,52,right,-0.001,960,1920,675,518,70,93,1920,504,82.94,headword,0.999,卷三上,56,0.926,approved
3D6B9,ccz,C-01694,File:NLC892-312002098744-312890 說文解字 十五卷 第2冊.pdf,52,right,-0.001,960,1920,591,515,69,96,1920,504,82.94,headword,0.999,卷三上,56,0.954,approved
3D6BA,ccz,C-01695,File:NLC892-312002098744-312890 說文解字 十五卷 第2冊.pdf,52,right,-0.001,960,1920,510,518,66,93,1920,504,82.94,headword,0.998,卷三上,56,0.959,approved
3D6BF,ccz,C-01700,File:NLC892-312002098744-312890 說文解字 十五卷 第2冊.pdf,52,right,-0.001,960,1920,171,511,67,92,1920,504,82.94,headword,1.0,卷三上,56,0.906,approved
3D6C0,ccz,C-01701,File:NLC892-312002098744-312890 說文解字 十五卷 第2冊.pdf,52,right,-0.001,960,1920,88,504,67,105,1920,504,82.94,headword,1.0,卷三上,56,0.938,approved
3D6D5,ccz,C-01721,File:NLC892-312002098744-312890 說文解字 十五卷 第2冊.pdf,53,right,-0.263,957,1920,277,517,64,99,1920,508,82.88,headword,1.0,卷三上,56,0.941,approved
3D6D6,ccz,C-01722,File:NLC892-312002098744-312890 說文解字 十五卷 第2冊.pdf,53,right,-0.263,957,1920,188,511,69,106,1920,508,82.88,headword,1.0,卷三上,56,0.966,approved
3D6DA,ccz,C-01726,File:NLC892-312002098744-312890 說文解字 十五卷 第2冊.pdf,53,left,-0.427,0,957,779,520,68,100,1920,513,82.7,headword,0.991,卷三上,56,0.907,approved
3D6DB,ccz,C-01727,File:NLC892-312002098744-312890 說文解字 十五卷 第2冊.pdf,53,left,-0.427,0,957,699,519,62,101,1920,513,82.7,headword,1.0,卷三上,56,0.97,approved
3D6DC,ccz,C-01728,File:NLC892-312002098744-312890 說文解字 十五卷 第2冊.pdf,53,left,-0.427,0,957,615,519,66,100,1920,513,82.7,headword,0.997,卷三上,56,0.941,approved
3D6E3,ccz,C-01735,File:NLC892-312002098744-312890 說文解字 十五卷 第2冊.pdf,54,right,0.658,956,1920,770,514,65,101,1920,506,83.16,headword,1.0,卷三上,56,0.954,approved
3D6E4,ccz,C-01736,File:NLC892-312002098744-312890 說文解字 十五卷 第2冊.pdf,54,right,0.658,956,1920,689,510,58,106,1920,506,83.16,headword,0.999,卷三上,56,0.955,approved
3D6E5,ccz,C-01737,File:NLC892-312002098744-312890 說文解字 十五卷 第2冊.pdf,54,right,0.658,956,1920,604,515,70,90,1920,506,83.16,headword,0.975,卷三上,56,0.908,approved
3D6EC,ccz,C-01744,File:NLC892-312002098744-312890 說文解字 十五卷 第2冊.pdf,54,right,0.658,956,1920,19,523,62,91,1920,506,83.16,headword,0.999,卷三上,56,0.926,approved
3D6ED,ccz,C-01745,File:NLC892-312002098744-312890 說文解字 十五卷 第2冊.pdf,54,left,-0.533,0,956,868,510,64,106,1920,508,83.12,headword,0.999,卷三上,56,0.911,approved
3D6F1,ccz,C-01749,File:NLC892-312002098744-312890 說文解字 十五卷 第2冊.pdf,54,left,-0.533,0,956,533,524,68,90,1920,508,83.12,headword,1.0,卷三上,56,0.985,approved
3D6F2,ccz,C-01750,File:NLC892-312002098744-312890 說文解字 十五卷 第2冊.pdf,54,left,-0.533,0,956,449,523,65,85,1920,508,83.12,headword,0.997,卷三上,56,0.969,approved
3D6F7,ccz,C-01755,File:NLC892-312002098744-312890 說文解字 十五卷 第2冊.pdf,55,right,-0.03,956,1920,771,517,67,97,1920,505,82.36,headword,1.0,卷三上,56,0.949,approved
3D6F8,ccz,C-01756,File:NLC892-312002098744-312890 說文解字 十五卷 第2冊.pdf,55,right,-0.03,956,1920,770,1056,67,100,1920,505,82.36,inline,1.0,卷三上,56,0.978,approved
3D6F9,ccz,C-01757,File:NLC892-312002098744-312890 說文解字 十五卷 第2冊.pdf,55,right,-0.03,956,1920,689,522,64,93,1920,505,82.36,headword,0.999,卷三上,56,0.96,approved
3D6FD,ccz,C-01761,File:NLC892-312002098744-312890 說文解字 十五卷 第2冊.pdf,55,right,-0.03,956,1920,356,509,68,103,1920,505,82.36,headword,1.0,卷三上,56,0.97,approved
3D6FE,ccz,C-01762,File:NLC892-312002098744-312890 說文解字 十五卷 第2冊.pdf,55,right,-0.03,956,1920,275,512,62,101,1920,505,82.36,headword,1.0,卷三上,56,0.981,approved
3D70E,ccz,C-01778,File:NLC892-312002098744-312890 說文解字 十五卷 第2冊.pdf,56,right,0.085,960,1920,777,1065,67,80,1920,495,83.14,inline,0.99,卷三上,56,0.934,approved
3D70F,ccz,C-01779,File:NLC892-312002098744-312890 說文解字 十五卷 第2冊.pdf,56,right,0.085,960,1920,692,523,64,96,1920,495,83.14,inline,0.999,卷三上,56,0.923,approved
3D725,ccz,C-01801,File:NLC892-312002098744-312890 說文解字 十五卷 第2冊.pdf,57,right,1.059,959,1920,527,517,69,74,1920,492,82.82,headword,0.982,卷三上,56,0.91,approved
3D730,ccz,C-01812,File:NLC892-312002098744-312890 說文解字 十五卷 第2冊.pdf,57,left,-0.824,0,959,450,502,65,93,1920,500,82.96,headword,0.999,卷三上,56,0.925,approved
3D749,ccz,C-01837,File:NLC892-312002098744-312890 說文解字 十五卷 第2冊.pdf,59,right,0.087,957,1920,773,518,72,97,1920,507,82.88,headword,1.0,卷三上,56,0.957,approved
3D74E,ccz,C-01842,File:NLC892-312002098744-312890 說文解字 十五卷 第2冊.pdf,59,right,0.087,957,1920,442,529,69,79,1920,507,82.88,headword,0.978,卷三上,56,0.977,approved
3D760,ccz,C-01862,File:NLC892-312002098744-312890 說文解字 十五卷 第2冊.pdf,60,right,0.583,959,1920,439,518,68,100,1920,511,82.82,headword,0.998,卷三上,56,0.903,approved
3D761,ccz,C-01863,File:NLC892-312002098744-312890 說文解字 十五卷 第2冊.pdf,60,right,0.583,959,1920,359,522,64,85,1920,511,82.82,headword,0.988,卷三上,56,0.947,approved
3D762,ccz,C-01864,File:NLC892-312002098744-312890 說文解字 十五卷 第2冊.pdf,60,right,0.583,959,1920,274,529,68,87,1920,511,82.82,headword,0.992,卷三上,56,0.975,approved
3D773,ccz,C-01881,File:NLC892-312002098744-312890 說文解字 十五卷 第2冊.pdf,61,right,0.716,961,1920,786,510,65,99,1920,504,83.96,headword,1.0,卷三上,56,0.978,approved
3D779,ccz,C-01886,File:NLC892-312002098744-312890 說文解字 十五卷 第2冊.pdf,61,right,0.716,961,1920,369,504,68,105,1920,504,83.96,headword,1.0,卷三上,56,0.961,approved
3D77E,ccz,C-01891,File:NLC892-312002098744-312890 說文解字 十五卷 第2冊.pdf,61,left,0.187,0,961,877,526,71,102,1920,523,83.62,headword,1.0,卷三上,56,0.91,approved
3D77F,ccz,C-01892,File:NLC892-312002098744-312890 說文解字 十五卷 第2冊.pdf,61,left,0.187,0,961,874,1285,71,107,1920,523,83.62,inline,0.988,卷三上,56,0.925,approved
3D781,ccz,C-01894,File:NLC892-312002098744-312890 說文解字 十五卷 第2冊.pdf,61,left,0.187,0,961,624,532,65,98,1920,523,83.62,headword,0.999,卷三上,56,0.964,approved
3D785,ccz,C-01897,File:NLC892-312002098744-312890 說文解字 十五卷 第2冊.pdf,61,left,0.187,0,961,373,529,64,102,1920,523,83.62,headword,1.0,卷三上,56,0.962,approved
3D78C,ccz,C-01904,File:NLC892-312002098744-312890 說文解字 十五卷 第2冊.pdf,62,right,1.221,959,1920,614,536,63,87,1920,518,82.92,headword,0.979,卷三上,56,0.939,approved
3D78D,ccz,C-01905,File:NLC892-312002098744-312890 說文解字 十五卷 第2冊.pdf,62,right,1.221,959,1920,531,518,72,105,1920,518,82.92,headword,0.999,卷三上,56,0.913,approved
3D79D,ccz,C-01921,File:NLC892-312002098744-312890 說文解字 十五卷 第2冊.pdf,62,left,0.118,0,959,279,517,65,93,1920,505,83.16,headword,0.999,卷三上,56,0.939,approved
3D79F,ccz,C-01923,File:NLC892-312002098744-312890 說文解字 十五卷 第2冊.pdf,62,left,0.118,0,959,198,510,66,105,1920,505,83.16,headword,1.0,卷三上,56,0.926,approved
3D7A0,ccz,C-01924,File:NLC892-312002098744-312890 說文解字 十五卷 第2冊.pdf,62,left,0.118,0,959,116,522,69,92,1920,505,83.16,headword,0.998,卷三上,56,0.919,approved
3D7A5,ccz,C-01929,File:NLC892-312002098744-312890 說文解字 十五卷 第2冊.pdf,63,right,1.024,958,1920,359,622,70,106,1920,507,82.1,inline,1.0,卷三上,56,0.949,approved
3D7AA,ccz,C-01934,File:NLC892-312002098744-312890 說文解字 十五卷 第2冊.pdf,63,left,-0.027,0,958,872,619,71,108,1920,509,83.08,inline,0.998,卷三上,56,0.924,approved
3D7AB,ccz,C-01935,File:NLC892-312002098744-312890 說文解字 十五卷 第2冊.pdf,63,left,-0.027,0,958,792,617,64,108,1920,509,83.08,inline,0.999,卷三上,56,0.961,approved
3D7B2,ccz,C-01942,File:NLC892-312002098744-312890 說文解字 十五卷 第2冊.pdf,64,right,0.268,960,1920,784,518,57,93,1920,510,82.94,headword,0.999,卷三上,58,0.968,approved
3D7B3,ccz,C-01943,File:NLC892-312002098744-312890 說文解字 十五卷 第2冊.pdf,64,right,0.268,960,1920,525,516,59,102,1920,510,82.94,headword,1.0,卷三上,58,0.959,approved
3D7B6,ccz,C-01946,File:NLC892-312002098744-312890 說文解字 十五卷 第2冊.pdf,64,right,0.268,960,1920,279,516,55,102,1920,510,82.94,headword,1.0,卷三上,58,0.98,approved
3D7B7,ccz,C-01947,File:NLC892-312002098744-312890 說文解字 十五卷 第2冊.pdf,64,right,0.268,960,1920,198,526,51,96,1920,510,82.94,inline,0.999,卷三上,58,0.916,approved
3D7B8,ccz,C-01948,File:NLC892-312002098744-312890 說文解字 十五卷 第2冊.pdf,64,right,0.268,960,1920,25,629,62,96,1920,510,82.94,inline,0.998,卷三上,58,0.927,approved
3D7BA,ccz,C-01950,File:NLC892-312002098744-312890 說文解字 十五卷 第2冊.pdf,64,left,0.684,0,960,618,509,53,97,1920,499,82.84,headword,0.998,卷三上,59,0.963,approved
3D7BC,ccz,C-01952,File:NLC892-312002098744-312890 說文解字 十五卷 第2冊.pdf,64,left,0.684,0,960,445,508,56,97,1920,499,82.84,headword,0.997,卷三上,59,0.976,approved
3D7C0,ccz,C-01956,File:NLC892-312002098744-312890 說文解字 十五卷 第2冊.pdf,65,right,0.912,954,1920,534,502,52,101,1920,493,82.82,headword,0.999,卷三上,60,0.971,approved
3D7C2,ccz,C-01958,File:NLC892-312002098744-312890 說文解字 十五卷 第2冊.pdf,65,right,0.912,954,1920,449,1270,66,102,1920,493,82.82,inline,1.0,卷三上,60,0.975,approved
3D7C9,ccz,C-01965,File:NLC892-312002098744-312890 說文解字 十五卷 第2冊.pdf,65,left,-0.327,0,954,448,500,57,105,1920,495,84.26,headword,0.999,卷三上,62,0.963,approved
3D7D2,ccz,C-01973,File:NLC892-312002098744-312890 說文解字 十五卷 第2冊.pdf,66,right,-0.176,954,1920,537,520,50,93,1920,506,83.62,headword,0.995,卷三上,62,0.954,approved
3D7DC,ccz,C-01983,File:NLC892-312002098744-312890 說文解字 十五卷 第2冊.pdf,66,left,-0.104,0,954,707,512,50,99,1920,502,82.96,headword,0.999,卷三上,62,0.969,approved
3D7E3,ccz,C-01990,File:NLC892-312002098744-312890 說文解字 十五卷 第2冊.pdf,67,right,0.334,950,1920,784,511,60,104,1920,502,82.85,headword,1.0,卷三上,64,0.973,approved
3D7E4,ccz,C-01991,File:NLC892-312002098744-312890 說文解字 十五卷 第2冊.pdf,67,right,0.334,950,1920,616,516,63,97,1920,502,82.85,headword,0.999,卷三上,65,0.978,approved
3D67E,ccz,C-01636,File:NLC892-312002098744-312890 說文解字 十五卷 第2冊.pdf,49,right,-0.727,954,1920,517,510,66,99,1920,499,82.92,headword,0.999,卷三上,54,0.899,approved
3D67F,ccz,C-01637,File:NLC892-312002098744-312890 說文解字 十五卷 第2冊.pdf,49,right,-0.727,954,1920,349,506,64,102,1920,499,82.92,headword,0.998,卷三上,54,0.724,approved
3D65B,ccz,C-01601,File:NLC892-312002098744-312890 說文解字 十五卷 第2冊.pdf,46,left,-0.617,0,957,127,506,50,102,1920,504,83.3,headword,1.0,卷三上,45,0.971,approved
3D7DB,ccz,C-01982,File:NLC892-312002098744-312890 說文解字 十五卷 第2冊.pdf,66,left,-0.104,0,954,774,504,69,110,1920,502,82.96,headword,0.976,卷三上,62,0.871,approved
3D7F6,ccz,C-02009,File:NLC892-312002098744-312890 說文解字 十五卷 第2冊.pdf,68,right,0.272,949,1920,781,507,68,111,1920,498,83.23,headword,0.997,卷三上,69,0.841,approved
3D7F9,ccz,C-02012,File:NLC892-312002098744-312890 說文解字 十五卷 第2冊.pdf,68,right,0.272,949,1920,526,504,71,103,1920,498,83.23,headword,0.997,卷三上,69,0.874,approved
3D6D3,ccz,C-01719,File:NLC892-312002098744-312890 說文解字 十五卷 第2冊.pdf,53,right,-0.263,957,1920,432,508,73,109,1920,508,82.88,headword,0.955,卷三上,56,0.854,approved
3D6D9,ccz,C-01725,File:NLC892-312002098744-312890 說文解字 十五卷 第2冊.pdf,53,left,-0.427,0,957,867,518,66,91,1920,513,82.7,headword,0.998,卷三上,56,0.864,approved
3D6DD,ccz,C-01729,File:NLC892-312002098744-312890 說文解字 十五卷 第2冊.pdf,53,left,-0.427,0,957,534,520,65,93,1920,513,82.7,headword,0.999,卷三上,56,0.845,approved
3D6DF,ccz,C-01731,File:NLC892-312002098744-312890 說文解字 十五卷 第2冊.pdf,53,left,-0.427,0,957,362,518,67,104,1920,513,82.7,headword,0.999,卷三上,56,0.889,approved
3D6E6,ccz,C-01738,File:NLC892-312002098744-312890 說文解字 十五卷 第2冊.pdf,54,right,0.658,956,1920,523,518,67,98,1920,506,83.16,headword,1.0,卷三上,56,0.802,approved
3D6EF,ccz,C-01747,File:NLC892-312002098744-312890 說文解字 十五卷 第2冊.pdf,54,left,-0.533,0,956,695,519,71,97,1920,508,83.12,headword,0.999,卷三上,56,0.868,approved
3D6F3,ccz,C-01751,File:NLC892-312002098744-312890 說文解字 十五卷 第2冊.pdf,54,left,-0.533,0,956,360,511,67,105,1920,508,83.12,headword,0.999,卷三上,56,0.775,approved
3D700,ccz,C-01764,File:NLC892-312002098744-312890 說文解字 十五卷 第2冊.pdf,55,right,-0.03,956,1920,100,514,70,96,1920,505,82.36,headword,0.999,卷三上,56,0.784,approved
3D7C4,ccz,C-01960,File:NLC892-312002098744-312890 說文解字 十五卷 第2冊.pdf,65,right,0.912,954,1920,35,500,70,102,1920,493,82.82,headword,0.989,卷三上,61,0.783,approved
3D7EF,ccz,C-02002,File:NLC892-312002098744-312890 說文解字 十五卷 第2冊.pdf,67,left,0.088,0,950,684,496,71,109,1920,496,83.84,headword,0.888,卷三上,67,0.891,approved
3D054,ccz,C-00081,File:NLC892-312002098744-312888 說文解字 十五卷 第1冊.pdf,20,right,0.734,964,1920,619,1541,73,105,1920,502,84.62,manual,0.995,卷一上,3,0.779,approved
3D057,ccz,C-00083,File:NLC892-312002098744-312888 說文解字 十五卷 第1冊.pdf,20,right,0.734,964,1920,367,1557,71,92,1920,502,84.62,manual,0.998,卷一上,3,0.62,approved
3D063,ccz,C-00094,File:NLC892-312002098744-312888 說文解字 十五卷 第1冊.pdf,20,left,-0.913,0,964,184,622,72,102,1920,506,83.56,manual,0.998,卷一上,3,0.769,approved
3D07E,ccz,C-00120,File:NLC892-312002098744-312888 說文解字 十五卷 第1冊.pdf,22,left,-0.522,0,965,445,670,72,104,1920,505,84.14,manual,0.984,卷一上,6,0.666,approved
3D08F,ccz,C-00135,File:NLC892-312002098744-312888 說文解字 十五卷 第1冊.pdf,23,left,-0.33,0,962,875,517,71,98,1920,507,84.1,manual,0.918,卷一上,6,0.484,approved
3D0A9,ccz,C-00160,File:NLC892-312002098744-312888 說文解字 十五卷 第1冊.pdf,24,left,-1.231,0,962,187,514,81,108,1920,512,84.2,manual,0.999,卷一上,6,0.954,approved
3D65F,ccz,C-01605,File:NLC892-312002098744-312890 說文解字 十五卷 第2冊.pdf,47,right,0.664,959,1920,522,502,69,109,1920,502,93.42,manual,0.983,卷三上,45,0.966,approved
3D68C,ccz,C-01650,File:NLC892-312002098744-312890 說文解字 十五卷 第2冊.pdf,50,right,0.895,955,1920,692,520,66,83,1920,498,83.14,headword,0.969,卷三上,56,0.871,approved
3D692,ccz,C-01656,File:NLC892-312002098744-312890 說文解字 十五卷 第2冊.pdf,50,right,0.895,955,1920,188,503,66,104,1920,498,83.14,headword,0.999,卷三上,56,0.84,approved
3D694,ccz,C-01658,File:NLC892-312002098744-312890 說文解字 十五卷 第2冊.pdf,50,right,0.895,955,1920,22,502,66,105,1920,498,83.14,headword,1.0,卷三上,56,0.837,approved
3D69F,ccz,C-01669,File:NLC892-312002098744-312890 說文解字 十五卷 第2冊.pdf,50,left,-0.439,0,955,112,515,62,101,1920,509,83.54,headword,0.999,卷三上,56,0.87,approved
3D6A0,ccz,C-01670,File:NLC892-312002098744-312890 說文解字 十五卷 第2冊.pdf,51,right,-0.028,954,1920,777,513,64,107,1920,508,83.32,headword,0.994,卷三上,56,0.855,approved
3D6A9,ccz,C-01679,File:NLC892-312002098744-312890 說文解字 十五卷 第2冊.pdf,51,right,-0.028,954,1920,14,513,76,101,1920,508,83.32,headword,0.999,卷三上,56,0.834,approved
3D721,ccz,C-01797,File:NLC892-312002098744-312890 說文解字 十五卷 第2冊.pdf,56,left,0.401,0,960,120,528,70,77,1920,501,83.04,headword,0.971,卷三上,56,0.763,approved
3D734,ccz,C-01816,File:NLC892-312002098744-312890 說文解字 十五卷 第2冊.pdf,57,left,-0.824,0,959,116,503,68,105,1920,500,82.96,headword,0.982,卷三上,56,0.836,approved
3D76D,ccz,C-01875,File:NLC892-312002098744-312890 說文解字 十五卷 第2冊.pdf,60,left,-0.023,0,959,460,511,70,99,1920,510,83.66,manual,0.997,卷三上,56,0.934,approved
3D771,ccz,C-01879,File:NLC892-312002098744-312890 說文解字 十五卷 第2冊.pdf,60,left,-0.023,0,959,202,525,67,91,1920,510,83.66,headword,0.948,卷三上,56,0.725,approved
3D77A,ccz,C-01887,File:NLC892-312002098744-312890 說文解字 十五卷 第2冊.pdf,61,right,0.716,961,1920,287,508,66,98,1920,504,83.96,headword,1.0,卷三上,56,0.832,approved
3D782,ccz,C-01895,File:NLC892-312002098744-312890 說文解字 十五卷 第2冊.pdf,61,left,0.187,0,961,535,523,71,108,1920,523,83.62,headword,0.951,卷三上,56,0.849,approved
3D791,ccz,C-01909,File:NLC892-312002098744-312890 說文解字 十五卷 第2冊.pdf,62,right,1.221,959,1920,282,518,72,107,1920,518,82.92,headword,0.99,卷三上,56,0.858,approved
3D795,ccz,C-01913,File:NLC892-312002098744-312890 說文解字 十五卷 第2冊.pdf,62,left,0.118,0,959,865,521,69,92,1920,505,83.16,headword,0.997,卷三上,56,0.878,approved
3D796,ccz,C-01914,File:NLC892-312002098744-312890 說文解字 十五卷 第2冊.pdf,62,left,0.118,0,959,779,508,71,110,1920,505,83.16,headword,1.0,卷三上,56,0.866,approved
3D7A6,ccz,C-01930,File:NLC892-312002098744-312890 說文解字 十五卷 第2冊.pdf,63,right,1.024,958,1920,279,617,56,107,1920,507,82.1,inline,0.999,卷三上,56,0.868,approved
3D7B5,ccz,C-01945,File:NLC892-312002098744-312890 說文解字 十五卷 第2冊.pdf,64,right,0.268,960,1920,360,523,59,87,1920,510,82.94,headword,0.999,卷三上,58,0.881,approved
3D660,ccz,C-01606,File:NLC892-312002098744-312890 說文解字 十五卷 第2冊.pdf,47,right,0.664,959,1920,356,504,70,105,1920,502,93.42,manual,0.942,卷三上,46,0.986,approved
3D677,ccz,C-01629,File:NLC892-312002098744-312890 說文解字 十五卷 第2冊.pdf,48,left,-1.002,0,960,698,507,71,101,1920,496,82.54,headword,0.999,卷三上,51,0.804,approved
3D457,ccz,C-01093,File:NLC892-312002098744-312890 說文解字 十五卷 第2冊.pdf,19,left,-0.153,0,963,862,510,76,97,1920,508,84.28,manual,0.998,卷二上,26,0.451,approved
3D5E0,ccz,C-01480,File:NLC892-312002098744-312890 說文解字 十五卷 第2冊.pdf,39,right,0.369,960,1920,446,508,67,109,1920,508,83.24,manual,0.615,卷二下,39,0.464,approved
3EDE7,ccz,C-07518,File:NLC892-312002098744-312897 說文解字 十五卷 第6冊.pdf,35,right,-0.681,961,1920,17,514,74,90,1920,504,83.46,headword,0.994,卷十下,397,0.511,approved
3E8B0,ccz,C-06221,File:NLC892-312002098744-312896 說文解字 十五卷 第5冊.pdf,35,left,-0.203,0,958,356,518,70,100,1920,507,83.38,headword,0.999,卷八下,318,0.588,approved
3F27A,ccz,C-08667,File:NLC892-312002098744-312889 說文解字 十五卷 第7冊.pdf,3,left,-0.494,0,960,99,524,74,101,1920,517,85.84,headword,0.998,卷十二上,431,0.588,approved
3DF85,ccz,C-03909,File:NLC892-312002098744-312894 說文解字 十五卷 第3冊.pdf,89,right,-0.056,953,1920,629,514,67,106,1920,512,83.21,headword,0.999,卷五下,201,0.615,approved
3DD25,ccz,C-03316,File:NLC892-312002098744-312894 說文解字 十五卷 第3冊.pdf,54,left,-1.9,0,954,696,505,59,102,1920,498,82.96,headword,0.999,卷五上,143,0.619,approved
3E79F,ccz,C-05955,File:NLC892-312002098744-312896 說文解字 十五卷 第5冊.pdf,19,left,-0.417,0,967,697,522,70,98,1920,513,84.11,headword,1.0,卷八上,294,0.611,approved
3EE2B,ccz,C-07586,File:NLC892-312002098744-312897 說文解字 十五卷 第6冊.pdf,39,left,-0.744,0,960,524,519,70,101,1920,512,83.94,headword,0.998,卷十下,408,0.609,approved
3E068,ccz,C-04135,File:NLC892-312002098744-312891 說文解字 十五卷 第4冊.pdf,13,right,-0.548,970,1920,704,502,74,101,1920,491,83.64,headword,0.999,卷六上,206,0.625,approved
3E89B,ccz,C-06201,File:NLC892-312002098744-312896 說文解字 十五卷 第5冊.pdf,34,right,0.083,961,1920,374,525,63,117,1920,532,83.86,headword,0.999,卷八下,311,0.653,approved
3E8DD,ccz,C-06264,File:NLC892-312002098744-312896 說文解字 十五卷 第5冊.pdf,37,left,-0.969,0,961,178,502,74,111,1920,500,83.52,headword,0.999,卷八下,318,0.651,approved
3E1C0,ccz,C-04475,File:NLC892-312002098744-312891 說文解字 十五卷 第4冊.pdf,32,right,0.479,957,1920,778,501,68,103,1920,494,83.88,headword,0.997,卷六下,224,0.65,approved
3F7CB,ccz,C-09995,File:NLC892-312002098744-312889 說文解字 十五卷 第7冊.pdf,76,right,0.924,947,1920,608,512,74,107,1920,512,84.09,headword,0.906,卷十三上,471,0.648,approved
3E89A,ccz,C-06200,File:NLC892-312002098744-312896 說文解字 十五卷 第5冊.pdf,34,right,0.083,961,1920,455,532,67,106,1920,532,83.86,headword,0.96,卷八下,311,0.648,approved
3F6C9,ccz,C-09739,File:NLC892-312002098744-312889 說文解字 十五卷 第7冊.pdf,62,left,-0.715,0,950,275,525,67,99,1920,521,83.24,headword,0.996,卷十三上,467,0.622,approved
3F02D,ccz,C-08088,File:NLC892-312002098744-312897 說文解字 十五卷 第6冊.pdf,67,left,0.158,0,955,696,524,64,111,1920,524,81.04,headword,0.999,卷十一上,410,0.622,approved
3E31A,ccz,C-04816,File:NLC892-312002098744-312891 說文解字 十五卷 第4冊.pdf,51,left,-0.462,0,953,529,498,71,107,1920,496,82.98,headword,1.0,卷七上,231,0.632,approved
3EF60,ccz,C-07888,File:NLC892-312002098744-312897 說文解字 十五卷 第6冊.pdf,56,right,-0.466,952,1920,766,528,70,98,1920,516,82.99,headword,0.999,卷十一上,410,0.628,approved
3EEAE,ccz,C-07713,File:NLC892-312002098744-312897 說文解字 十五卷 第6冊.pdf,45,left,-1.015,0,952,108,514,74,100,1920,507,82.8,headword,0.999,卷十下,408,0.625,approved
3F003,ccz,C-08046,File:NLC892-312002098744-312897 說文解字 十五卷 第6冊.pdf,65,right,0.907,953,1920,199,532,73,100,1920,527,82.91,headword,0.999,卷十一上,410,0.508,approved
3FBB5,ccz,C-10975,File:NLC892-312002098744-312895 說文解字 十五卷 第8冊.pdf,36,left,-0.217,0,953,611,520,73,104,1920,520,83.41,manual,1.0,卷十四下,525,0.613,approved
3E1DB,ccz,C-04502,File:NLC892-312002098744-312891 說文解字 十五卷 第4冊.pdf,33,left,1.012,0,960,868,515,72,87,1920,504,84.7,manual,0.962,卷六下,226,0.656,approved
3E1CF,ccz,C-04490,File:NLC892-312002098744-312891 說文解字 十五卷 第4冊.pdf,32,left,-1.054,0,957,192,500,69,74,1920,478,84.41,headword,0.995,卷六下,226,0.747,approved
3E3E3,ccz,C-05010,File:NLC892-312002098744-312891 說文解字 十五卷 第4冊.pdf,63,left,-0.971,0,951,608,498,72,99,1920,488,83.04,headword,0.999,卷七上,253,0.764,approved
3E1DF,ccz,C-04506,File:NLC892-312002098744-312891 說文解字 十五卷 第4冊.pdf,33,left,1.012,0,960,540,514,58,82,1920,504,84.7,headword,0.923,卷六下,226,0.781,approved
3E656,ccz,C-05628,File:NLC892-312002098744-312891 說文解字 十五卷 第4冊.pdf,97,right,0.592,947,1920,726,507,71,107,1920,507,84.15,headword,0.994,卷七下,283,0.797,approved
3E779,ccz,C-05917,File:NLC892-312002098744-312896 說文解字 十五卷 第5冊.pdf,17,right,0.155,965,1920,618,633,78,104,1920,518,83.94,inline,0.999,卷八上,287,0.792,approved
3FB61,ccz,C-10894,File:NLC892-312002098744-312895 說文解字 十五卷 第8冊.pdf,30,left,-0.568,0,959,859,530,74,104,1920,528,84.14,headword,1.0,卷十四下,500,0.796,approved
3ED88,ccz,C-07427,File:NLC892-312002098744-312897 說文解字 十五卷 第6冊.pdf,28,left,-0.106,0,956,182,521,72,104,1920,516,83.14,headword,0.999,卷十上,384,0.791,approved
3E429,ccz,C-05080,File:NLC892-312002098744-312891 說文解字 十五卷 第4冊.pdf,67,right,0.5,949,1920,776,487,68,108,1920,481,82.65,headword,0.998,卷七上,253,0.789,approved
3EF81,ccz,C-07919,File:NLC892-312002098744-312897 說文解字 十五卷 第6冊.pdf,57,left,-0.643,0,952,284,522,70,104,1920,519,82.45,headword,0.999,卷十一上,410,0.789,approved
3EC5A,ccz,C-07133,File:NLC892-312002098744-312897 說文解字 十五卷 第6冊.pdf,12,left,-0.297,0,963,338,523,69,95,1920,505,83.59,headword,0.999,卷十上,375,0.781,approved
3FB37,ccz,C-10852,File:NLC892-312002098744-312895 說文解字 十五卷 第8冊.pdf,28,right,0.539,957,1920,280,526,62,96,1920,513,83.81,headword,1.0,卷十四下,500,0.729,approved
